order_item_id,order_id,product_id,quantity,unit_price,discount_pct
1,1,8,4,34,0
2,2,16,4,46,0
3,2,1,1,45,0.1
4,2,15,1,97,0
5,2,4,4,28,0
6,3,15,2,97,0.1
7,3,8,3,34,0.1
8,3,9,4,57,0
9,3,8,3,34,0.05
10,4,13,2,63,0
11,4,14,3,80,0.1
12,5,1,5,45,0.1
13,5,12,3,40,0.1
14,5,14,5,80,0
15,5,9,4,57,0.1
16,6,1,4,45,0
17,6,14,2,80,0.1
18,7,15,3,97,0.05
19,7,13,3,63,0.1
20,8,12,2,40,0
21,9,7,1,85,0
22,9,16,1,46,0
23,10,4,2,28,0.05
24,10,1,3,45,0.1
25,11,4,3,28,0
26,11,2,3,62,0.1
27,12,1,4,45,0.1
28,12,12,4,40,0
29,12,9,5,57,0.1
30,13,3,3,79,0.1
31,13,15,5,97,0.1
32,14,16,2,46,0.05
33,14,11,3,91,0.05
34,15,16,5,46,0
35,15,16,4,46,0
36,15,8,4,34,0
37,15,12,4,40,0.05
38,16,9,3,57,0.05
39,16,7,3,85,0
40,16,6,2,68,0
41,16,9,5,57,0.05
42,17,6,3,68,0
43,17,5,3,51,0
44,17,10,2,74,0.1
45,18,16,4,46,0.05
46,18,2,3,62,0.1
47,18,3,4,79,0.1
48,18,2,2,62,0
49,19,14,5,80,0
50,20,14,3,80,0
51,20,4,2,28,0
52,20,3,2,79,0
53,21,15,5,97,0.1
54,21,8,3,34,0.05
55,21,15,1,97,0
56,21,7,4,85,0
57,22,3,1,79,0
58,22,10,4,74,0
59,23,16,4,46,0
60,23,14,3,80,0.05
61,23,1,3,45,0
62,24,9,2,57,0.1
63,24,16,1,46,0.1
64,24,11,3,91,0
65,24,11,4,91,0.1
66,25,15,1,97,0.05
67,26,15,4,97,0
68,27,15,1,97,0
69,27,5,3,51,0.1
70,27,16,1,46,0
71,27,8,2,34,0.05
72,28,15,1,97,0
73,29,14,4,80,0.1
74,29,5,4,51,0
75,29,5,1,51,0.05
76,30,1,3,45,0.05
77,30,16,2,46,0.1
78,30,12,3,40,0.1
79,31,13,2,63,0.1
80,31,16,4,46,0.1
81,32,11,1,91,0.1
82,32,15,1,97,0
83,33,11,5,91,0.1
84,33,11,5,91,0.1
85,33,16,5,46,0
86,34,8,1,34,0.1
87,34,4,4,28,0
88,34,1,1,45,0.05
89,35,5,2,51,0.1
90,35,6,2,68,0
91,35,13,5,63,0
92,35,5,2,51,0.1
93,36,15,3,97,0
94,37,9,4,57,0.05
95,37,13,4,63,0
96,37,12,5,40,0.05
97,37,10,1,74,0.1
98,38,10,2,74,0.05
99,38,7,5,85,0.05
100,38,5,1,51,0
101,38,15,1,97,0.05
102,39,14,2,80,0
103,39,12,5,40,0.05
104,39,9,4,57,0.05
105,40,3,2,79,0
106,40,13,5,63,0.05
107,40,13,1,63,0.05
108,40,15,3,97,0.05
109,41,16,1,46,0.05
110,41,8,1,34,0.1
111,42,5,1,51,0
112,43,5,4,51,0.1
113,43,14,5,80,0
114,44,9,1,57,0.05
115,44,15,2,97,0.05
116,44,12,5,40,0.05
117,44,9,2,57,0
118,45,1,1,45,0.05
119,45,5,5,51,0
120,46,11,2,91,0
121,46,5,2,51,0.05
122,47,5,1,51,0.05
123,48,6,3,68,0
124,49,16,4,46,0.05
125,50,2,5,62,0.05
126,50,1,1,45,0.1
127,51,15,1,97,0
128,51,5,1,51,0
129,51,11,4,91,0.05
130,51,14,1,80,0
131,52,14,3,80,0.1
132,52,4,3,28,0.1
133,53,3,1,79,0
134,53,4,3,28,0
135,53,11,1,91,0.1
136,53,14,1,80,0.05
137,54,5,4,51,0
138,54,12,5,40,0.05
139,55,1,5,45,0.05
140,55,12,1,40,0
141,55,13,1,63,0
142,55,1,1,45,0
143,56,10,3,74,0
144,56,5,2,51,0
145,56,9,4,57,0.1
146,57,4,3,28,0.1
147,57,16,5,46,0.05
148,58,7,3,85,0
149,59,1,4,45,0.1
150,60,12,1,40,0.1
151,60,2,4,62,0
152,61,13,4,63,0.05
153,61,1,3,45,0
154,61,15,3,97,0
155,61,4,2,28,0.1
156,62,11,2,91,0.05
157,62,3,5,79,0
158,62,7,3,85,0.05
159,63,9,2,57,0
160,63,3,2,79,0.1
161,64,11,2,91,0.1
162,64,15,3,97,0.05
163,64,12,5,40,0
164,65,10,1,74,0
165,65,13,4,63,0
166,65,7,3,85,0.1
167,66,3,5,79,0
168,66,15,4,97,0
169,66,10,4,74,0.1
170,67,3,3,79,0
171,67,13,3,63,0.05
172,67,5,3,51,0
173,68,13,2,63,0
174,68,13,3,63,0
175,68,3,4,79,0.05
176,69,8,2,34,0
177,69,4,5,28,0
178,70,6,2,68,0
179,70,2,4,62,0.05
180,71,15,2,97,0
181,71,16,2,46,0.05
182,71,15,4,97,0.05
183,72,5,3,51,0
184,72,12,5,40,0
185,73,9,4,57,0
186,73,3,2,79,0.1
187,74,12,2,40,0.1
188,74,12,2,40,0
189,74,4,3,28,0
190,74,10,4,74,0
191,75,3,1,79,0.05
192,76,4,3,28,0
193,76,2,2,62,0.1
194,76,15,1,97,0
195,76,16,5,46,0
196,77,14,1,80,0.05
197,77,14,2,80,0
198,77,12,1,40,0
199,78,12,3,40,0
200,78,3,3,79,0
201,78,4,5,28,0.05
202,78,12,5,40,0.05
203,79,16,2,46,0
204,79,15,1,97,0.05
205,79,7,1,85,0.05
206,79,13,5,63,0.1
207,80,11,3,91,0
208,81,13,3,63,0
209,81,16,3,46,0.05
210,81,14,1,80,0.1
211,81,6,5,68,0.05
212,82,10,4,74,0.1
213,82,15,3,97,0.1
214,82,12,5,40,0.1
215,83,12,5,40,0
216,83,5,5,51,0.1
217,83,12,3,40,0.1
218,83,2,5,62,0
219,84,5,5,51,0.05
220,85,6,4,68,0.1
221,86,15,2,97,0.05
222,86,16,2,46,0
223,86,3,4,79,0
224,87,12,1,40,0.05
225,87,6,2,68,0.05
226,87,4,2,28,0
227,88,15,5,97,0
228,88,3,1,79,0.05
229,88,16,5,46,0.1
230,89,15,4,97,0.05
231,90,2,1,62,0
232,90,6,3,68,0
233,90,10,1,74,0.05
234,90,9,2,57,0.05
235,91,5,2,51,0.05
236,91,2,1,62,0
237,92,1,4,45,0.05
238,92,10,4,74,0
239,92,13,3,63,0.1
240,92,2,2,62,0.1
241,93,11,3,91,0.05
242,93,5,3,51,0
243,94,8,2,34,0
244,94,13,5,63,0.1
245,94,6,3,68,0.05
246,94,6,4,68,0.1
247,95,13,5,63,0.1
248,96,2,3,62,0.1
249,97,4,4,28,0
250,98,2,4,62,0
251,98,7,3,85,0.05
252,98,15,5,97,0.05
253,99,12,3,40,0.05
254,99,7,5,85,0.1
255,99,2,1,62,0
256,99,16,5,46,0.1
257,100,6,4,68,0.05
258,100,16,5,46,0.05
259,100,1,3,45,0.05
260,101,16,3,46,0
261,102,5,2,51,0
262,102,4,2,28,0
263,102,14,2,80,0.1
264,102,14,5,80,0.1
265,103,11,4,91,0.1
266,103,6,4,68,0.05
267,104,8,3,34,0.05
268,104,10,3,74,0
269,105,9,3,57,0
270,105,13,4,63,0.05
271,105,5,3,51,0
272,106,16,2,46,0
273,106,9,5,57,0.05
274,106,8,2,34,0
275,107,4,4,28,0.05
276,108,1,5,45,0
277,108,16,4,46,0
278,109,3,5,79,0
279,110,6,1,68,0.1
280,110,6,3,68,0
281,110,11,3,91,0.1
282,110,16,2,46,0.1
283,111,9,2,57,0
284,111,10,5,74,0
285,111,13,4,63,0.05
286,111,4,2,28,0
287,112,8,4,34,0.05
288,112,10,5,74,0
289,112,12,2,40,0
290,112,15,3,97,0
291,113,12,5,40,0
292,113,5,4,51,0
293,113,12,4,40,0.1
294,114,15,5,97,0.05
295,115,5,2,51,0.05
296,115,15,1,97,0
297,116,2,4,62,0
298,116,15,5,97,0
299,116,10,1,74,0.1
300,116,1,2,45,0
301,117,3,4,79,0
302,118,12,4,40,0.1
303,118,13,4,63,0
304,118,5,3,51,0
305,118,13,5,63,0
306,119,10,4,74,0.1
307,120,5,3,51,0
308,120,4,1,28,0.1
309,120,1,2,45,0
310,121,8,1,34,0.1
311,122,5,5,51,0.05
312,123,8,3,34,0
313,123,8,4,34,0.05
314,123,6,4,68,0.1
315,124,11,4,91,0.1
316,124,13,2,63,0.1
317,124,8,3,34,0
318,124,2,5,62,0.1
319,125,7,3,85,0
320,125,12,1,40,0
321,125,13,5,63,0
322,126,16,2,46,0.05
323,126,1,2,45,0
324,127,8,5,34,0
325,127,8,5,34,0.05
326,127,13,4,63,0.05
327,127,12,5,40,0.1
328,128,7,3,85,0.05
329,128,8,2,34,0
330,128,14,3,80,0
331,129,16,5,46,0.05
332,129,16,4,46,0.1
333,130,6,5,68,0
334,130,3,1,79,0
335,130,8,1,34,0
336,130,2,5,62,0.1
337,131,1,1,45,0.05
338,131,10,1,74,0.1
339,131,6,1,68,0
340,131,8,2,34,0.05
341,132,12,4,40,0.1
342,133,2,1,62,0.1
343,134,6,1,68,0.1
344,135,2,2,62,0
345,136,2,2,62,0.05
346,136,13,1,63,0.05
347,136,8,5,34,0.1
348,137,3,5,79,0.05
349,137,14,2,80,0
350,138,9,4,57,0.1
351,139,3,5,79,0.05
352,139,3,1,79,0.05
353,139,5,4,51,0.05
354,139,3,1,79,0.05
355,140,6,4,68,0.1
356,141,12,5,40,0
357,142,10,4,74,0.1
358,143,13,2,63,0
359,143,9,4,57,0
360,144,16,1,46,0.05
361,144,8,4,34,0
362,144,5,3,51,0
363,145,11,4,91,0.05
364,145,5,3,51,0.05
365,145,7,4,85,0.05
366,145,13,3,63,0.05
367,146,11,4,91,0.05
368,146,13,3,63,0
369,147,1,4,45,0
370,147,10,1,74,0.1
371,148,9,2,57,0.1
372,148,3,4,79,0.1
373,149,3,1,79,0
374,149,12,2,40,0
375,149,13,3,63,0.1
376,150,15,3,97,0.1
377,150,5,3,51,0
378,151,5,3,51,0.05
379,152,16,1,46,0.1
380,152,15,3,97,0
381,152,4,1,28,0.05
382,153,6,5,68,0
383,153,14,4,80,0
384,154,13,1,63,0
385,154,14,4,80,0
386,154,7,3,85,0
387,154,6,3,68,0.05
388,155,11,5,91,0.1
389,155,4,3,28,0.05
390,155,6,3,68,0
391,155,11,1,91,0
392,156,13,4,63,0
393,156,14,2,80,0.1
394,157,10,2,74,0
395,157,15,5,97,0
396,157,1,4,45,0
397,157,13,5,63,0.1
398,158,16,2,46,0
399,158,8,3,34,0
400,158,10,2,74,0.1
401,158,16,5,46,0
402,159,2,4,62,0
403,159,4,2,28,0.05
404,159,2,4,62,0.05
405,160,8,2,34,0.05
406,161,7,2,85,0
407,161,9,5,57,0
408,162,4,2,28,0.1
409,162,9,2,57,0
410,162,11,2,91,0.1
411,163,15,1,97,0
412,163,9,3,57,0.1
413,163,11,5,91,0
414,163,3,4,79,0.05
415,164,16,3,46,0.05
416,164,11,5,91,0
417,165,2,1,62,0.1
418,166,10,2,74,0.05
419,166,12,3,40,0
420,167,8,4,34,0
421,167,1,2,45,0.1
422,167,8,5,34,0.1
423,168,13,1,63,0
424,168,12,3,40,0
425,169,3,5,79,0
426,169,6,4,68,0.05
427,170,7,1,85,0
428,170,4,5,28,0.1
429,170,14,3,80,0
430,170,3,2,79,0.05
431,171,7,5,85,0
432,171,10,1,74,0
433,171,4,2,28,0.1
434,172,11,2,91,0.1
435,172,14,3,80,0
436,172,3,1,79,0
437,173,14,4,80,0
438,173,5,3,51,0
439,173,7,2,85,0.05
440,173,3,3,79,0.1
441,174,14,1,80,0.1
442,175,4,1,28,0
443,175,6,4,68,0.05
444,176,9,1,57,0
445,176,14,3,80,0
446,177,2,4,62,0
447,177,9,1,57,0
448,177,1,1,45,0
449,178,6,1,68,0.1
450,178,8,4,34,0.05
451,179,2,2,62,0
452,180,10,3,74,0.05
453,180,15,1,97,0.05
454,180,10,5,74,0
455,180,16,2,46,0
456,181,1,3,45,0
457,181,13,3,63,0
458,181,8,4,34,0.1
459,182,2,2,62,0.1
460,183,4,5,28,0
461,184,14,2,80,0
462,185,11,3,91,0.1
463,185,3,2,79,0
464,185,4,2,28,0
465,185,15,3,97,0.1
466,186,10,4,74,0.05
467,186,3,2,79,0.05
468,186,2,2,62,0.05
469,186,8,3,34,0.1
470,187,1,4,45,0.1
471,187,8,1,34,0.1
472,188,8,2,34,0
473,189,9,1,57,0
474,190,5,1,51,0.05
475,190,15,1,97,0
476,190,14,4,80,0.1
477,190,7,2,85,0.05
478,191,10,4,74,0.1
479,191,16,1,46,0
480,192,1,4,45,0.05
481,192,16,3,46,0.05
482,193,1,3,45,0
483,193,16,5,46,0.05
484,194,8,3,34,0
485,194,8,5,34,0.1
486,195,12,5,40,0
487,195,12,5,40,0
488,195,7,4,85,0.05
489,196,8,1,34,0.1
490,196,6,3,68,0
491,197,3,3,79,0.1
492,197,11,3,91,0.05
493,197,6,4,68,0.1
494,198,8,5,34,0
495,198,10,2,74,0
496,198,13,5,63,0
497,199,4,4,28,0
498,199,3,2,79,0.05
499,200,15,1,97,0.05
500,200,3,3,79,0.05
501,200,1,1,45,0.1
502,201,13,3,63,0.1
503,201,16,5,46,0
504,201,3,1,79,0.05
505,201,11,2,91,0.1
506,202,16,1,46,0.1
507,202,6,5,68,0.1
508,202,4,3,28,0
509,203,10,3,74,0
510,203,13,5,63,0.1
511,203,12,1,40,0.1
512,204,7,2,85,0.05
513,205,13,4,63,0.1
514,205,9,1,57,0.1
515,205,13,3,63,0
516,206,8,3,34,0
517,206,4,1,28,0.05
518,206,14,5,80,0
519,207,16,5,46,0
520,207,3,4,79,0
521,207,5,1,51,0.1
522,207,6,2,68,0
523,208,7,2,85,0.05
524,208,3,1,79,0.1
525,208,11,3,91,0.1
526,208,1,5,45,0.1
527,209,4,5,28,0
528,210,13,4,63,0.1
529,210,9,4,57,0
530,210,13,1,63,0.1
531,211,16,3,46,0.05
532,212,8,2,34,0.05
533,213,9,4,57,0
534,213,7,4,85,0.1
535,213,12,1,40,0
536,214,6,2,68,0
537,215,12,2,40,0.05
538,216,1,2,45,0.05
539,217,12,3,40,0
540,217,9,1,57,0.05
541,217,7,2,85,0
542,217,9,4,57,0
543,218,1,2,45,0.05
544,218,10,3,74,0.1
545,219,15,3,97,0.1
546,219,1,5,45,0.05
547,220,16,1,46,0.05
548,221,10,2,74,0
549,221,8,1,34,0.1
550,221,5,1,51,0.1
551,222,13,1,63,0
552,222,8,5,34,0.1
553,222,12,5,40,0.05
554,222,6,3,68,0
555,223,11,1,91,0
556,223,10,4,74,0.05
557,224,16,1,46,0
558,225,10,4,74,0
559,225,5,2,51,0
560,225,15,2,97,0.05
561,225,6,1,68,0.1
562,226,1,4,45,0.05
563,227,16,1,46,0
564,227,14,4,80,0.1
565,228,12,1,40,0.05
566,228,7,1,85,0
567,229,10,2,74,0
568,229,10,2,74,0
569,229,10,3,74,0.1
570,230,11,4,91,0.05
571,230,6,4,68,0
572,231,6,1,68,0.05
573,232,2,5,62,0
574,232,1,1,45,0
575,232,13,1,63,0.05
576,233,10,4,74,0
577,234,14,1,80,0
578,234,4,4,28,0
579,235,12,4,40,0.05
580,235,16,2,46,0.1
581,236,4,5,28,0.1
582,237,4,3,28,0
583,238,4,2,28,0
584,239,14,1,80,0
585,239,2,1,62,0
586,239,6,3,68,0.05
587,240,12,3,40,0
588,241,16,4,46,0
589,241,2,2,62,0
590,241,16,5,46,0.1
591,241,13,3,63,0
592,242,14,4,80,0
593,243,11,5,91,0
594,243,8,4,34,0.05
595,244,1,2,45,0.1
596,245,11,2,91,0.05
597,245,2,5,62,0
598,245,13,4,63,0
599,245,15,5,97,0.1
600,246,16,1,46,0
601,247,3,5,79,0.05
602,248,11,3,91,0
603,248,15,3,97,0.1
604,248,12,4,40,0
605,248,8,1,34,0.05
606,249,4,1,28,0
607,249,14,1,80,0.05
608,249,7,1,85,0.1
609,250,14,1,80,0
610,251,16,1,46,0
611,251,14,5,80,0.1
612,252,5,1,51,0.1
613,252,11,5,91,0.1
614,253,10,4,74,0
615,253,10,5,74,0.05
616,253,7,2,85,0
617,254,6,5,68,0.05
618,254,12,5,40,0.1
619,255,14,1,80,0
620,255,2,2,62,0.05
621,255,6,3,68,0.05
622,256,7,5,85,0
623,256,15,1,97,0
624,256,13,2,63,0.05
625,257,14,3,80,0
626,257,15,2,97,0.05
627,257,7,2,85,0.05
628,257,3,2,79,0
629,258,9,5,57,0.05
630,258,9,1,57,0.05
631,258,5,1,51,0
632,258,2,5,62,0.05
633,259,8,2,34,0
634,259,6,4,68,0.1
635,259,8,2,34,0.05
636,260,1,1,45,0.05
637,260,8,1,34,0.05
638,260,4,4,28,0.05
639,260,10,1,74,0.05
640,261,7,3,85,0
641,261,6,5,68,0
642,261,7,2,85,0.1
643,262,3,2,79,0
644,262,11,1,91,0
645,262,6,3,68,0
646,262,8,3,34,0.1
647,263,13,1,63,0
648,264,3,3,79,0
649,265,15,4,97,0.1
650,265,1,4,45,0
651,265,5,4,51,0.05
652,266,1,5,45,0
653,266,1,5,45,0.1
654,266,3,3,79,0
655,267,6,2,68,0
656,267,9,2,57,0
657,268,3,3,79,0
658,268,7,5,85,0.1
659,268,12,2,40,0
660,268,3,2,79,0.05
661,269,5,5,51,0.05
662,269,14,2,80,0
663,269,8,4,34,0.05
664,270,16,4,46,0.1
665,270,10,4,74,0
666,270,3,3,79,0
667,271,1,5,45,0.1
668,272,16,2,46,0.05
669,272,10,2,74,0.1
670,272,3,4,79,0.05
671,273,5,4,51,0
672,273,5,4,51,0.05
673,274,12,2,40,0
674,274,12,4,40,0.1
675,274,2,1,62,0.05
676,275,6,4,68,0.1
677,275,3,5,79,0.05
678,275,8,5,34,0.1
679,276,1,5,45,0
680,276,8,1,34,0.05
681,276,6,2,68,0.05
682,276,4,2,28,0.1
683,277,16,2,46,0
684,277,14,1,80,0
685,277,6,2,68,0
686,277,5,1,51,0
687,278,10,1,74,0
688,279,8,4,34,0
689,279,6,5,68,0.05
690,280,8,4,34,0.1
691,281,5,5,51,0
692,281,2,5,62,0
693,281,5,5,51,0
694,281,14,5,80,0.1
695,282,8,4,34,0.1
696,282,4,4,28,0
697,282,8,1,34,0.05
698,282,14,3,80,0
699,283,7,3,85,0.1
700,283,5,4,51,0.05
701,283,14,5,80,0.05
702,283,13,2,63,0.1
703,284,9,3,57,0.05
704,284,13,2,63,0
705,284,15,2,97,0
706,284,13,3,63,0
707,285,16,5,46,0.1
708,285,9,2,57,0.05
709,286,10,5,74,0
710,286,6,4,68,0.1
711,286,2,5,62,0
712,286,2,3,62,0
713,287,12,4,40,0.1
714,287,1,1,45,0
715,287,12,3,40,0.05
716,287,7,4,85,0.1
717,288,3,5,79,0.05
718,289,9,4,57,0.1
719,289,8,3,34,0.1
720,289,1,4,45,0
721,290,8,3,34,0.1
722,290,1,3,45,0
723,291,3,5,79,0
724,291,12,2,40,0.05
725,291,7,4,85,0
726,292,8,2,34,0
727,292,12,2,40,0
728,293,1,5,45,0
729,293,12,5,40,0.05
730,293,9,4,57,0
731,293,9,4,57,0
732,294,16,5,46,0
733,294,13,2,63,0.1
734,294,15,3,97,0
735,294,4,3,28,0.05
736,295,8,3,34,0.1
737,295,11,3,91,0
738,295,7,4,85,0.05
739,296,5,5,51,0
740,296,9,2,57,0.1
741,297,16,1,46,0
742,297,5,5,51,0.05
743,298,13,1,63,0
744,299,15,3,97,0.05
745,300,4,3,28,0
746,300,6,3,68,0.05
747,300,16,4,46,0
748,300,10,4,74,0
749,301,3,1,79,0
750,301,11,3,91,0.05
751,301,13,3,63,0.1
752,301,12,5,40,0.1
753,302,8,3,34,0
754,302,13,1,63,0
755,303,13,5,63,0
756,304,10,2,74,0
757,304,15,2,97,0
758,304,6,1,68,0
759,304,11,4,91,0.1
760,305,6,5,68,0.1
761,305,14,5,80,0.05
762,306,15,3,97,0.05
763,307,5,3,51,0.05
764,308,10,1,74,0.1
765,308,8,1,34,0.05
766,308,14,4,80,0
767,308,13,4,63,0
768,309,10,5,74,0.05
769,309,3,2,79,0
770,309,15,5,97,0.1
771,310,5,1,51,0
772,311,15,1,97,0
773,311,1,4,45,0
774,312,12,4,40,0
775,312,5,1,51,0.05
776,312,3,5,79,0.1
777,312,9,4,57,0
778,313,8,1,34,0
779,313,4,5,28,0
780,313,10,3,74,0
781,313,2,5,62,0
782,314,7,1,85,0
783,315,4,4,28,0
784,315,5,3,51,0
785,315,16,1,46,0.05
786,316,4,2,28,0.1
787,316,12,4,40,0
788,317,15,5,97,0.05
789,317,16,2,46,0
790,317,11,4,91,0.05
791,317,6,1,68,0
792,318,1,5,45,0.1
793,318,1,5,45,0.05
794,318,8,3,34,0
795,318,13,2,63,0.1
796,319,14,3,80,0
797,319,3,1,79,0
798,319,2,2,62,0
799,320,16,5,46,0.05
800,320,8,5,34,0
801,320,15,1,97,0.05
802,320,14,3,80,0
803,321,10,1,74,0
804,322,13,2,63,0
805,322,8,5,34,0
806,323,15,4,97,0
807,323,6,5,68,0.1
808,323,6,5,68,0.1
809,324,14,4,80,0.05
810,324,7,4,85,0.05
811,324,15,4,97,0.1
812,325,1,3,45,0
813,325,11,1,91,0.05
814,325,5,1,51,0
815,326,8,2,34,0.05
816,326,3,5,79,0.1
817,326,7,1,85,0.05
818,327,10,1,74,0.1
819,328,12,4,40,0.1
820,328,4,2,28,0
821,328,13,1,63,0.05
822,329,11,5,91,0
823,329,13,4,63,0
824,330,5,3,51,0
825,330,2,5,62,0.1
826,331,5,4,51,0
827,331,7,5,85,0
828,332,3,1,79,0.1
829,332,12,2,40,0.05
830,332,1,3,45,0
831,333,2,2,62,0
832,333,5,1,51,0
833,333,8,5,34,0
834,333,10,1,74,0.05
835,334,1,3,45,0
836,334,7,2,85,0.05
837,334,5,1,51,0.1
838,334,2,3,62,0
839,335,2,4,62,0
840,335,9,3,57,0
841,335,4,3,28,0.1
842,336,1,1,45,0
843,336,10,3,74,0.1
844,336,6,1,68,0.05
845,336,12,3,40,0
846,337,13,1,63,0.05
847,337,11,4,91,0
848,337,13,5,63,0
849,338,15,5,97,0
850,338,5,5,51,0
851,338,10,5,74,0
852,339,11,1,91,0
853,339,5,1,51,0.05
854,340,9,2,57,0
855,340,6,1,68,0.05
856,340,8,5,34,0
857,340,1,3,45,0
858,341,12,2,40,0.1
859,341,5,2,51,0
860,341,14,1,80,0.05
861,341,8,2,34,0
862,342,11,4,91,0
863,342,2,5,62,0.1
864,342,13,5,63,0
865,342,15,4,97,0
866,343,2,5,62,0.1
867,343,2,2,62,0.05
868,343,10,3,74,0.1
869,343,10,5,74,0
870,344,3,5,79,0
871,344,5,4,51,0.1
872,344,1,2,45,0.1
873,344,7,4,85,0
874,345,3,1,79,0.1
875,346,6,4,68,0.1
876,346,6,3,68,0
877,346,5,2,51,0
878,346,10,4,74,0.05
879,347,1,5,45,0.05
880,347,1,5,45,0.1
881,348,3,5,79,0
882,348,9,5,57,0
883,348,5,1,51,0.05
884,348,2,5,62,0.05
885,349,6,2,68,0.05
886,349,6,4,68,0.05
887,349,3,3,79,0.05
888,349,13,1,63,0.1
889,350,4,3,28,0.05
890,350,7,2,85,0
891,351,14,5,80,0.05
892,351,12,2,40,0.1
893,351,16,4,46,0
894,352,1,1,45,0
895,352,4,2,28,0.1
896,353,1,2,45,0.05
897,353,3,3,79,0.05
898,354,11,3,91,0.1
899,355,11,3,91,0.1
900,355,2,2,62,0.1
901,356,15,4,97,0
902,356,10,5,74,0.05
903,356,1,2,45,0.05
904,357,1,3,45,0.1
905,357,6,5,68,0.1
906,357,4,3,28,0.05
907,358,8,3,34,0.1
908,358,10,2,74,0.05
909,358,12,1,40,0
910,358,15,5,97,0
911,359,10,3,74,0
912,359,4,5,28,0
913,359,2,4,62,0.1
914,359,4,1,28,0.05
915,360,4,5,28,0.05
916,361,11,4,91,0
917,361,6,3,68,0
918,361,7,5,85,0.05
919,362,8,2,34,0
920,362,11,5,91,0.1
921,362,1,4,45,0
922,363,6,5,68,0.1
923,363,10,3,74,0
924,363,3,4,79,0
925,363,15,1,97,0.1
926,364,5,5,51,0.05
927,364,13,2,63,0.05
928,365,3,4,79,0
929,366,12,5,40,0
930,366,13,1,63,0.05
931,366,3,3,79,0.1
932,367,6,4,68,0.1
933,367,7,5,85,0.1
934,368,8,2,34,0
935,368,16,1,46,0.1
936,368,4,4,28,0
937,369,13,3,63,0.1
938,370,1,2,45,0
939,370,10,4,74,0.1
940,371,14,3,80,0
941,371,13,2,63,0.05
942,371,2,1,62,0.05
943,372,14,5,80,0.1
944,372,13,4,63,0.1
945,373,5,2,51,0.1
946,373,12,4,40,0
947,373,5,2,51,0
948,373,1,2,45,0.1
949,374,15,5,97,0.1
950,374,15,5,97,0.1
951,374,15,4,97,0.05
952,374,14,5,80,0
953,375,14,5,80,0.05
954,375,12,1,40,0.1
955,375,3,2,79,0.05
956,376,8,4,34,0
957,377,1,4,45,0.1
958,377,16,5,46,0.05
959,377,10,3,74,0
960,378,2,4,62,0
961,378,10,5,74,0
962,378,3,2,79,0
963,379,9,3,57,0
964,379,6,5,68,0
965,379,12,2,40,0.05
966,380,11,1,91,0
967,381,13,2,63,0.1
968,381,6,2,68,0.05
969,381,9,1,57,0
970,381,13,4,63,0.05
971,382,16,3,46,0
972,382,14,1,80,0.05
973,382,15,4,97,0.05
974,382,2,1,62,0.05
975,383,11,3,91,0.05
976,383,9,5,57,0.1
977,383,8,5,34,0
978,384,1,1,45,0
979,385,8,3,34,0.05
980,385,1,5,45,0
981,385,7,5,85,0
982,386,13,5,63,0
983,386,6,3,68,0.05
984,387,14,3,80,0.05
985,387,3,3,79,0
986,387,11,1,91,0.05
987,388,16,2,46,0.1
988,389,7,5,85,0
989,389,9,1,57,0
990,389,9,4,57,0
991,389,5,1,51,0
992,390,13,5,63,0
993,390,16,4,46,0.1
994,390,3,5,79,0
995,391,13,1,63,0
996,391,11,1,91,0.1
997,391,10,2,74,0
998,392,13,1,63,0.05
999,392,15,2,97,0
1000,392,1,5,45,0
1001,393,16,5,46,0.1
1002,393,1,1,45,0.05
1003,393,2,4,62,0
1004,394,8,1,34,0
1005,394,16,1,46,0.1
1006,395,1,2,45,0
1007,395,4,4,28,0
1008,396,4,4,28,0
1009,397,11,1,91,0
1010,397,7,1,85,0
1011,397,4,3,28,0
1012,397,6,3,68,0
1013,398,6,1,68,0.1
1014,398,1,2,45,0
1015,398,10,4,74,0.1
1016,398,7,2,85,0.05
1017,399,6,4,68,0
1018,400,8,2,34,0
1019,401,15,2,97,0.05
1020,401,4,2,28,0.1
1021,402,12,3,40,0
1022,403,2,1,62,0
1023,403,6,2,68,0
1024,403,4,1,28,0
1025,403,11,4,91,0
1026,404,11,2,91,0
1027,405,8,1,34,0.1
1028,405,2,4,62,0
1029,405,15,2,97,0.1
1030,405,15,2,97,0.05
1031,406,15,4,97,0.1
1032,407,6,5,68,0
1033,407,16,2,46,0.1
1034,408,8,2,34,0.05
1035,408,8,5,34,0
1036,408,1,4,45,0
1037,408,16,5,46,0
1038,409,15,4,97,0
1039,410,7,2,85,0.05
1040,410,3,1,79,0.1
1041,410,6,4,68,0
1042,410,15,2,97,0.1
1043,411,3,4,79,0.05
1044,412,7,1,85,0.05
1045,412,2,5,62,0.05
1046,412,4,4,28,0.05
1047,413,3,5,79,0
1048,413,11,2,91,0
1049,414,11,3,91,0.05
1050,414,14,3,80,0
1051,415,16,5,46,0.05
1052,416,7,4,85,0
1053,417,6,3,68,0
1054,418,1,3,45,0.1
1055,418,5,4,51,0.05
1056,419,1,2,45,0.05
1057,420,16,5,46,0.1
1058,420,5,3,51,0
1059,420,8,4,34,0.05
1060,421,15,2,97,0
1061,421,10,2,74,0
1062,421,5,2,51,0
1063,422,9,3,57,0
1064,422,2,3,62,0.05
1065,422,15,5,97,0
1066,422,4,1,28,0.1
1067,423,1,5,45,0.05
1068,423,10,4,74,0.05
1069,424,11,1,91,0.1
1070,424,5,5,51,0
1071,424,13,5,63,0
1072,424,3,3,79,0
1073,425,9,2,57,0
1074,425,15,1,97,0.1
1075,426,12,4,40,0
1076,427,1,3,45,0.05
1077,427,15,5,97,0
1078,427,15,4,97,0.1
1079,428,3,2,79,0
1080,428,11,1,91,0.1
1081,429,6,5,68,0.1
1082,429,5,2,51,0
1083,429,10,5,74,0.1
1084,429,10,5,74,0.05
1085,430,5,3,51,0.05
1086,431,14,2,80,0.1
1087,431,8,1,34,0
1088,431,16,1,46,0.05
1089,432,4,3,28,0
1090,432,6,5,68,0
1091,432,15,2,97,0.05
1092,432,9,3,57,0.1
1093,433,3,5,79,0
1094,433,6,1,68,0
1095,433,11,3,91,0.05
1096,434,5,1,51,0
1097,434,12,4,40,0.1
1098,434,6,1,68,0
1099,435,14,4,80,0
1100,436,12,3,40,0.05
1101,436,15,5,97,0.05
1102,436,10,1,74,0
1103,436,5,2,51,0.05
1104,437,3,1,79,0.1
1105,438,2,4,62,0
1106,439,4,1,28,0
1107,440,1,1,45,0
1108,440,9,5,57,0.05
1109,440,8,5,34,0
1110,441,10,2,74,0
1111,441,4,2,28,0.1
1112,442,6,3,68,0.1
1113,443,4,4,28,0
1114,443,16,3,46,0.05
1115,443,2,1,62,0.05
1116,444,15,2,97,0.1
1117,444,14,2,80,0
1118,444,16,3,46,0
1119,445,4,2,28,0.1
1120,446,12,2,40,0.05
1121,447,16,3,46,0.05
1122,447,13,3,63,0.1
1123,447,13,4,63,0.05
1124,447,15,1,97,0
1125,448,1,1,45,0
1126,448,16,1,46,0
1127,449,3,5,79,0.1
1128,450,16,5,46,0.05
1129,450,1,1,45,0.1
1130,450,4,4,28,0.1
1131,450,13,4,63,0.1
1132,451,6,4,68,0.1
1133,451,13,4,63,0
1134,451,16,5,46,0.1
1135,452,9,4,57,0.1
1136,452,12,3,40,0.05
1137,452,2,2,62,0.05
1138,452,1,3,45,0.1
1139,453,2,2,62,0
1140,453,10,5,74,0
1141,453,3,3,79,0
1142,454,15,4,97,0.1
1143,455,13,5,63,0.1
1144,455,4,4,28,0
1145,455,7,3,85,0.1
1146,456,12,4,40,0
1147,456,3,5,79,0
1148,456,2,3,62,0.1
1149,457,11,3,91,0
1150,458,3,3,79,0.05
1151,458,11,2,91,0.1
1152,458,15,5,97,0
1153,459,15,3,97,0.1
1154,459,2,5,62,0
1155,460,14,4,80,0.05
1156,460,3,2,79,0.1
1157,460,10,2,74,0.05
1158,461,5,2,51,0
1159,462,14,1,80,0
1160,462,5,1,51,0.05
1161,462,9,5,57,0
1162,462,2,4,62,0
1163,463,3,4,79,0.05
1164,463,3,4,79,0
1165,463,4,5,28,0.05
1166,464,11,3,91,0.1
1167,465,5,1,51,0
1168,465,9,4,57,0.1
1169,466,4,3,28,0.1
1170,466,8,3,34,0
1171,466,12,3,40,0
1172,467,8,3,34,0.1
1173,468,8,4,34,0.1
1174,469,10,2,74,0
1175,469,11,4,91,0
1176,470,16,4,46,0.05
1177,470,4,2,28,0.05
1178,470,12,4,40,0.05
1179,470,1,1,45,0
1180,471,10,3,74,0
1181,471,8,5,34,0
1182,472,16,2,46,0.05
1183,472,11,3,91,0
1184,472,12,2,40,0.1
1185,472,8,1,34,0
1186,473,7,3,85,0
1187,473,14,5,80,0.05
1188,473,12,2,40,0
1189,473,16,1,46,0
1190,474,10,4,74,0.1
1191,474,7,5,85,0
1192,474,10,2,74,0.1
1193,475,8,5,34,0.1
1194,475,12,5,40,0.1
1195,475,16,2,46,0.05
1196,476,14,5,80,0.05
1197,476,2,1,62,0.05
1198,476,16,3,46,0
1199,476,10,4,74,0.05
1200,477,6,5,68,0.1
1201,477,15,2,97,0
1202,477,14,2,80,0.05
1203,478,12,4,40,0.05
1204,478,9,5,57,0.05
1205,478,14,2,80,0.05
1206,479,2,2,62,0
1207,479,6,1,68,0.1
1208,479,15,4,97,0
1209,479,16,1,46,0.1
1210,480,5,1,51,0.05
1211,481,9,5,57,0
1212,481,1,5,45,0
1213,482,4,3,28,0
1214,482,4,4,28,0.05
1215,482,4,3,28,0
1216,482,16,4,46,0.05
1217,483,11,5,91,0
1218,483,2,3,62,0.05
1219,483,3,5,79,0.1
1220,483,9,2,57,0
1221,484,6,4,68,0.1
1222,484,5,1,51,0.05
1223,485,5,3,51,0
1224,485,7,4,85,0.1
1225,485,16,3,46,0.1
1226,486,14,4,80,0
1227,486,11,4,91,0
1228,487,10,4,74,0.1
1229,488,10,2,74,0.1
1230,488,2,5,62,0
1231,489,4,4,28,0.05
1232,489,3,5,79,0
1233,489,15,2,97,0
1234,489,2,1,62,0.1
1235,490,15,5,97,0.05
1236,490,6,2,68,0
1237,490,9,1,57,0.1
1238,490,1,4,45,0
1239,491,10,5,74,0.05
1240,491,13,3,63,0
1241,491,1,2,45,0
1242,491,7,1,85,0
1243,492,7,1,85,0.05
1244,492,5,4,51,0.1
1245,492,15,4,97,0.1
1246,492,10,5,74,0.1
1247,493,14,4,80,0.05
1248,493,13,4,63,0.1
1249,493,2,5,62,0
1250,493,11,5,91,0
1251,494,16,5,46,0.05
1252,495,7,4,85,0.05
1253,495,8,5,34,0.05
1254,495,15,2,97,0.05
1255,496,16,2,46,0
1256,496,3,4,79,0
1257,496,6,5,68,0.1
1258,497,7,5,85,0
1259,497,12,3,40,0.05
1260,498,3,3,79,0.1
1261,499,16,3,46,0.05
1262,499,2,5,62,0.05
1263,500,15,1,97,0
1264,500,4,5,28,0
1265,500,6,1,68,0
1266,500,6,3,68,0.1
1267,501,5,3,51,0.05
1268,502,14,1,80,0
1269,502,16,3,46,0.05
1270,502,3,3,79,0.05
1271,502,14,3,80,0
1272,503,14,4,80,0.1
1273,503,12,1,40,0.1
1274,504,3,3,79,0.05
1275,505,2,2,62,0
1276,505,10,4,74,0.1
1277,505,10,3,74,0.05
1278,505,5,4,51,0.1
1279,506,7,3,85,0
1280,506,11,4,91,0
1281,506,10,2,74,0
1282,506,10,5,74,0.05
1283,507,8,3,34,0.1
1284,507,4,1,28,0.05
1285,507,12,1,40,0
1286,508,15,3,97,0
1287,509,5,4,51,0
1288,509,7,3,85,0.1
1289,509,14,4,80,0
1290,510,7,4,85,0
1291,510,13,5,63,0.1
1292,510,16,4,46,0.1
1293,510,16,4,46,0
1294,511,5,5,51,0
1295,511,15,4,97,0
1296,511,12,1,40,0.1
1297,511,12,5,40,0.05
1298,512,12,3,40,0.05
1299,512,5,2,51,0.1
1300,512,10,3,74,0
1301,513,3,1,79,0.1
1302,513,10,5,74,0.1
1303,513,13,4,63,0
1304,514,5,3,51,0
1305,514,14,4,80,0
1306,514,11,5,91,0
1307,514,15,3,97,0
1308,515,4,5,28,0
1309,515,2,5,62,0
1310,515,1,1,45,0
1311,516,15,1,97,0.05
1312,516,2,4,62,0
1313,517,13,3,63,0
1314,517,4,5,28,0
1315,517,6,3,68,0
1316,518,11,2,91,0
1317,519,5,4,51,0.05
1318,519,4,1,28,0
1319,519,8,4,34,0.1
1320,520,14,1,80,0.1
1321,520,4,2,28,0
1322,520,14,4,80,0
1323,520,7,2,85,0.05
1324,521,15,1,97,0
1325,521,10,2,74,0
1326,521,16,3,46,0.05
1327,521,13,3,63,0
1328,522,10,1,74,0.1
1329,523,14,2,80,0.05
1330,523,11,3,91,0.1
1331,523,11,3,91,0
1332,524,1,5,45,0.1
1333,524,16,4,46,0
1334,525,4,3,28,0.1
1335,525,12,4,40,0
1336,525,1,1,45,0.1
1337,525,7,4,85,0
1338,526,7,1,85,0.05
1339,526,8,2,34,0.1
1340,526,2,3,62,0.1
1341,527,4,3,28,0.1
1342,527,7,5,85,0
1343,527,5,1,51,0
1344,527,8,5,34,0.05
1345,528,15,1,97,0.1
1346,528,2,3,62,0.1
1347,528,14,3,80,0
1348,529,8,1,34,0.05
1349,530,7,3,85,0
1350,530,1,2,45,0.1
1351,530,8,2,34,0
1352,530,3,1,79,0
1353,531,9,2,57,0
1354,531,11,1,91,0.05
1355,531,8,1,34,0.1
1356,532,2,1,62,0.1
1357,533,15,1,97,0.05
1358,534,2,3,62,0.1
1359,535,15,4,97,0.1
1360,536,15,5,97,0.05
1361,537,7,5,85,0
1362,538,15,2,97,0
1363,538,2,1,62,0
1364,538,14,5,80,0.05
1365,538,5,2,51,0.1
1366,539,5,1,51,0
1367,540,7,2,85,0
1368,540,16,4,46,0.05
1369,541,4,4,28,0
1370,541,1,2,45,0
1371,542,13,2,63,0.1
1372,542,1,3,45,0
1373,542,1,5,45,0
1374,543,2,1,62,0
1375,543,6,2,68,0.05
1376,543,11,5,91,0
1377,544,4,1,28,0
1378,544,4,3,28,0
1379,544,8,3,34,0.05
1380,545,4,2,28,0
1381,546,11,5,91,0.1
1382,546,8,1,34,0
1383,546,10,2,74,0.05
1384,547,7,1,85,0.1
1385,547,3,2,79,0.1
1386,547,12,4,40,0.1
1387,547,12,5,40,0.1
1388,548,2,2,62,0
1389,548,15,2,97,0.1
1390,548,14,4,80,0
1391,548,12,3,40,0
1392,549,8,5,34,0
1393,549,11,4,91,0.1
1394,549,14,3,80,0.1
1395,550,8,3,34,0
1396,550,3,3,79,0
1397,550,8,1,34,0
1398,550,2,5,62,0
1399,551,7,5,85,0
1400,551,9,1,57,0.05
1401,551,12,4,40,0.1
1402,552,13,2,63,0
1403,552,7,4,85,0
1404,553,11,1,91,0.05
1405,553,14,4,80,0
1406,553,1,3,45,0
1407,553,5,3,51,0
1408,554,14,4,80,0.05
1409,554,1,5,45,0
1410,554,5,3,51,0.1
1411,554,7,4,85,0
1412,555,15,3,97,0
1413,555,6,1,68,0.1
1414,555,10,2,74,0
1415,556,1,2,45,0.05
1416,556,14,4,80,0
1417,556,5,5,51,0.1
1418,557,5,2,51,0.05
1419,557,16,2,46,0.05
1420,558,5,4,51,0
1421,559,15,4,97,0
1422,559,10,4,74,0.05
1423,559,10,4,74,0
1424,559,6,5,68,0.1
1425,560,13,1,63,0
1426,561,3,2,79,0.1
1427,561,4,3,28,0
1428,561,11,4,91,0.1
1429,562,1,1,45,0.1
1430,562,13,2,63,0.1
1431,562,9,1,57,0
1432,562,15,4,97,0.1
1433,563,16,3,46,0
1434,563,1,5,45,0
1435,564,6,1,68,0
1436,564,5,4,51,0.05
1437,564,2,5,62,0
1438,564,2,5,62,0
1439,565,2,4,62,0
1440,566,3,1,79,0.1
1441,566,3,2,79,0
1442,567,14,5,80,0
1443,568,7,5,85,0.1
1444,568,4,2,28,0
1445,569,11,1,91,0.1
1446,569,8,1,34,0.05
1447,569,12,1,40,0
1448,569,14,3,80,0.1
1449,570,9,1,57,0.05
1450,570,13,2,63,0.05
1451,571,3,3,79,0
1452,571,15,4,97,0
1453,571,1,2,45,0
1454,571,4,3,28,0
1455,572,5,3,51,0.1
1456,573,8,5,34,0.1
1457,574,2,5,62,0.1
1458,574,10,1,74,0
1459,574,11,3,91,0
1460,575,8,5,34,0.1
1461,575,6,4,68,0
1462,576,5,2,51,0
1463,577,14,4,80,0.05
1464,578,8,3,34,0.05
1465,578,7,3,85,0.1
1466,579,16,4,46,0.1
1467,579,14,2,80,0.1
1468,580,6,3,68,0.1
1469,580,15,3,97,0.1
1470,581,16,2,46,0
1471,581,1,1,45,0.05
1472,582,13,4,63,0.05
1473,582,3,4,79,0
1474,582,4,4,28,0
1475,583,16,3,46,0
1476,583,14,2,80,0
1477,583,12,1,40,0
1478,584,8,5,34,0
1479,584,3,5,79,0
1480,584,6,4,68,0.05
1481,585,3,1,79,0.05
1482,585,9,2,57,0.1
1483,585,1,2,45,0.1
1484,585,14,3,80,0.1
1485,586,7,4,85,0
1486,586,4,4,28,0
1487,587,9,4,57,0.1
1488,587,4,2,28,0
1489,588,11,1,91,0
1490,589,1,5,45,0
1491,589,1,4,45,0.05
1492,589,16,3,46,0.1
1493,590,12,4,40,0.1
1494,590,12,3,40,0
1495,591,8,3,34,0.1
1496,591,16,5,46,0.1
1497,591,1,3,45,0
1498,592,15,2,97,0.1
1499,592,3,3,79,0.1
1500,592,16,1,46,0.1
1501,593,5,4,51,0
1502,594,16,5,46,0
1503,595,4,4,28,0
1504,596,8,3,34,0.1
1505,596,4,2,28,0.1
1506,596,11,2,91,0
1507,597,14,2,80,0
1508,597,10,1,74,0
1509,597,7,1,85,0.05
1510,597,11,4,91,0
1511,598,11,3,91,0
1512,598,8,1,34,0.1
1513,598,10,2,74,0.1
1514,598,5,5,51,0.05
1515,599,4,3,28,0.1
1516,599,7,4,85,0.05
1517,599,13,1,63,0.05
1518,600,2,2,62,0.1
1519,600,10,2,74,0
1520,601,12,4,40,0.1
1521,601,10,3,74,0
1522,601,13,1,63,0
1523,601,2,3,62,0.1
1524,602,10,2,74,0
1525,602,7,1,85,0.05
1526,602,4,2,28,0.1
1527,602,14,2,80,0
1528,603,11,5,91,0.1
1529,604,8,4,34,0.1
1530,605,3,4,79,0.1
1531,605,15,3,97,0
1532,605,3,1,79,0.1
1533,605,8,1,34,0.1
1534,606,13,4,63,0.1
1535,606,5,1,51,0.05
1536,607,13,5,63,0.1
1537,608,4,2,28,0
1538,608,2,2,62,0
1539,609,3,1,79,0.05
1540,610,8,3,34,0
1541,611,5,5,51,0.1
1542,611,12,5,40,0
1543,611,2,2,62,0
1544,611,10,2,74,0
1545,612,5,5,51,0.1
1546,612,9,3,57,0.1
1547,612,6,4,68,0.1
1548,613,7,1,85,0.05
1549,613,7,3,85,0
1550,614,13,1,63,0
1551,614,4,5,28,0
1552,614,14,1,80,0.05
1553,614,12,3,40,0.05
1554,615,13,2,63,0.1
1555,616,16,1,46,0.05
1556,616,10,5,74,0.05
1557,616,2,2,62,0.05
1558,617,16,5,46,0
1559,617,5,2,51,0
1560,617,9,1,57,0.05
1561,617,8,5,34,0.1
1562,618,10,3,74,0.1
1563,618,8,3,34,0
1564,618,14,3,80,0
1565,618,3,2,79,0
1566,619,16,1,46,0.1
1567,619,5,4,51,0.1
1568,619,4,4,28,0
1569,620,8,5,34,0
1570,620,6,5,68,0
1571,620,12,2,40,0.05
1572,621,12,1,40,0.05
1573,621,8,5,34,0
1574,622,1,5,45,0.1
1575,622,10,5,74,0
1576,623,15,3,97,0.05
1577,624,13,3,63,0
1578,624,16,2,46,0
1579,625,1,2,45,0.05
1580,625,13,3,63,0.05
1581,625,6,5,68,0.05
1582,625,15,4,97,0
1583,626,4,2,28,0.05
1584,626,13,4,63,0.05
1585,627,9,1,57,0.1
1586,627,16,2,46,0.05
1587,627,13,5,63,0.1
1588,627,4,1,28,0
1589,628,2,3,62,0.1
1590,628,1,4,45,0.1
1591,629,8,5,34,0
1592,629,6,2,68,0.05
1593,629,9,2,57,0.1
1594,629,4,5,28,0
1595,630,13,1,63,0.05
1596,630,5,4,51,0
1597,631,14,5,80,0.05
1598,631,8,2,34,0.05
1599,631,2,5,62,0.1
1600,631,10,1,74,0.05
1601,632,11,1,91,0
1602,632,2,3,62,0
1603,633,14,2,80,0.05
1604,634,4,1,28,0
1605,635,8,3,34,0
1606,635,3,1,79,0
1607,635,4,1,28,0
1608,636,11,3,91,0.1
1609,637,2,2,62,0
1610,637,9,5,57,0.05
1611,638,14,1,80,0.1
1612,639,5,3,51,0
1613,639,2,2,62,0.1
1614,639,3,2,79,0.1
1615,640,13,5,63,0.05
1616,640,1,2,45,0
1617,640,1,5,45,0.1
1618,640,9,3,57,0
1619,641,8,1,34,0
1620,641,5,3,51,0
1621,642,4,1,28,0.05
1622,642,12,3,40,0
1623,643,10,3,74,0
1624,643,1,3,45,0
1625,643,9,2,57,0.05
1626,643,4,4,28,0.05
1627,644,11,3,91,0
1628,644,13,2,63,0.1
1629,645,3,4,79,0
1630,645,6,2,68,0.1
1631,645,6,3,68,0
1632,645,6,4,68,0
1633,646,13,1,63,0
1634,646,1,5,45,0
1635,646,1,1,45,0
1636,646,2,2,62,0
1637,647,1,1,45,0.05
1638,648,15,2,97,0.05
1639,648,5,2,51,0
1640,648,9,5,57,0
1641,648,10,1,74,0.1
1642,649,13,2,63,0.05
1643,649,8,4,34,0
1644,649,4,2,28,0
1645,649,10,3,74,0
1646,650,5,2,51,0.1
1647,651,10,5,74,0.05
1648,651,4,3,28,0.1
1649,652,1,2,45,0
1650,653,3,1,79,0.1
1651,653,9,2,57,0
1652,653,5,2,51,0.1
1653,653,16,4,46,0.1
1654,654,5,2,51,0.1
1655,654,16,5,46,0.1
1656,654,8,4,34,0
1657,655,3,2,79,0.05
1658,655,16,2,46,0
1659,656,10,4,74,0
1660,656,14,2,80,0
1661,657,5,4,51,0
1662,658,3,4,79,0
1663,659,5,2,51,0.1
1664,659,10,4,74,0.1
1665,659,15,1,97,0.05
1666,659,2,1,62,0
1667,660,15,5,97,0.05
1668,660,10,2,74,0.1
1669,660,9,1,57,0.1
1670,660,5,2,51,0.1
1671,661,15,4,97,0.05
1672,662,2,3,62,0.1
1673,662,4,1,28,0
1674,663,6,5,68,0
1675,663,1,3,45,0
1676,663,2,2,62,0.05
1677,664,2,1,62,0.05
1678,664,10,1,74,0.05
1679,664,13,5,63,0
1680,664,13,3,63,0
1681,665,5,1,51,0.1
1682,666,15,1,97,0
1683,666,8,2,34,0
1684,667,15,2,97,0.05
1685,667,14,1,80,0.1
1686,667,3,2,79,0.1
1687,668,3,4,79,0
1688,668,6,3,68,0
1689,668,12,3,40,0
1690,669,15,2,97,0
1691,669,16,1,46,0.05
1692,669,13,4,63,0
1693,670,15,3,97,0
1694,670,2,2,62,0
1695,670,4,3,28,0.1
1696,670,13,1,63,0
1697,671,15,4,97,0.1
1698,671,6,1,68,0.1
1699,671,7,4,85,0.05
1700,672,16,1,46,0.05
1701,672,5,4,51,0
1702,673,2,3,62,0.1
1703,673,7,1,85,0
1704,673,14,3,80,0.05
1705,673,3,2,79,0
1706,674,14,5,80,0
1707,674,9,2,57,0
1708,674,14,3,80,0.05
1709,674,12,4,40,0.1
1710,675,13,1,63,0
1711,675,5,3,51,0.05
1712,675,11,1,91,0.1
1713,676,2,2,62,0
1714,677,12,2,40,0
1715,677,1,3,45,0.05
1716,678,14,3,80,0.05
1717,678,14,5,80,0.05
1718,678,6,4,68,0.1
1719,678,6,5,68,0.1
1720,679,3,1,79,0
1721,680,15,5,97,0
1722,681,13,1,63,0
1723,681,4,3,28,0.1
1724,681,13,1,63,0.05
1725,681,10,3,74,0.05
1726,682,14,1,80,0
1727,683,13,2,63,0.1
1728,683,14,2,80,0.1
1729,684,14,2,80,0
1730,684,5,5,51,0
1731,685,6,3,68,0
1732,685,1,4,45,0
1733,685,5,1,51,0
1734,686,15,3,97,0
1735,686,8,3,34,0
1736,687,9,1,57,0.05
1737,687,5,1,51,0
1738,687,4,1,28,0
1739,687,6,1,68,0
1740,688,13,1,63,0.1
1741,688,14,1,80,0.1
1742,689,13,3,63,0.1
1743,689,6,3,68,0
1744,689,2,1,62,0.05
1745,689,16,5,46,0
1746,690,1,5,45,0
1747,690,5,2,51,0.05
1748,691,8,1,34,0
1749,691,16,2,46,0
1750,692,14,5,80,0.1
1751,692,9,2,57,0
1752,692,9,4,57,0
1753,692,10,2,74,0
1754,693,9,3,57,0
1755,693,14,2,80,0.05
1756,693,3,4,79,0
1757,693,9,5,57,0.1
1758,694,6,3,68,0.1
1759,695,12,3,40,0
1760,695,4,1,28,0.05
1761,696,8,5,34,0
1762,696,7,5,85,0
1763,696,9,5,57,0
1764,697,11,3,91,0
1765,697,16,4,46,0
1766,697,14,1,80,0
1767,697,11,5,91,0.1
1768,698,15,3,97,0
1769,699,11,1,91,0
1770,700,11,3,91,0.1
1771,700,11,4,91,0
1772,700,15,4,97,0
1773,701,1,2,45,0
1774,702,7,3,85,0
1775,703,4,1,28,0.05
1776,704,9,2,57,0
1777,704,4,2,28,0.05
1778,704,14,4,80,0
1779,704,8,5,34,0.1
1780,705,8,1,34,0.05
1781,705,3,3,79,0
1782,705,7,1,85,0
1783,705,2,2,62,0
1784,706,16,1,46,0.05
1785,706,11,3,91,0.1
1786,707,12,4,40,0.1
1787,707,7,4,85,0
1788,708,4,2,28,0.1
1789,708,4,2,28,0
1790,708,6,3,68,0
1791,709,3,3,79,0.1
1792,710,2,4,62,0.05
1793,710,2,4,62,0.1
1794,710,7,4,85,0
1795,711,2,2,62,0
1796,712,8,1,34,0
1797,712,13,4,63,0.1
1798,712,9,4,57,0
1799,713,10,1,74,0
1800,713,16,3,46,0
1801,713,3,2,79,0
1802,714,14,3,80,0
1803,714,9,1,57,0
1804,714,1,5,45,0.05
1805,714,1,4,45,0
1806,715,8,5,34,0
1807,715,4,1,28,0.05
1808,715,11,4,91,0.1
1809,716,12,4,40,0
1810,716,10,3,74,0.1
1811,716,1,2,45,0.1
1812,717,8,5,34,0.1
1813,718,9,5,57,0.1
1814,719,11,4,91,0.1
1815,719,9,3,57,0
1816,719,11,5,91,0
1817,720,10,1,74,0
1818,720,5,4,51,0
1819,720,10,5,74,0
1820,721,1,4,45,0
1821,721,4,1,28,0.1
1822,721,14,3,80,0
1823,722,3,3,79,0
1824,722,7,4,85,0
1825,723,13,4,63,0.1
1826,723,4,3,28,0.05
1827,724,5,2,51,0.05
1828,724,7,3,85,0.05
1829,724,15,5,97,0
1830,725,11,5,91,0.05
1831,725,14,4,80,0.1
1832,725,15,1,97,0
1833,725,14,1,80,0
1834,726,5,5,51,0.05
1835,726,13,2,63,0.1
1836,726,15,5,97,0.1
1837,727,11,5,91,0
1838,728,4,5,28,0
1839,729,5,2,51,0
1840,729,10,1,74,0.1
1841,729,7,1,85,0
1842,729,7,1,85,0.1
1843,730,13,4,63,0
1844,730,9,5,57,0.1
1845,730,4,4,28,0
1846,731,6,5,68,0
1847,731,10,3,74,0
1848,732,13,4,63,0
1849,732,14,2,80,0
1850,732,4,5,28,0.1
1851,733,15,4,97,0.05
1852,733,7,3,85,0.1
1853,734,11,4,91,0
1854,734,10,4,74,0
1855,734,16,4,46,0.1
1856,735,5,3,51,0.05
1857,735,13,1,63,0
1858,735,4,4,28,0.1
1859,736,4,2,28,0.1
1860,736,14,1,80,0
1861,737,15,3,97,0
1862,738,13,2,63,0
1863,738,16,4,46,0.05
1864,738,6,4,68,0
1865,738,1,1,45,0
1866,739,11,2,91,0.1
1867,740,12,3,40,0
1868,740,15,4,97,0.1
1869,740,3,2,79,0.05
1870,740,16,2,46,0
1871,741,9,4,57,0.05
1872,741,6,3,68,0
1873,741,8,5,34,0.05
1874,742,16,3,46,0
1875,743,5,2,51,0.05
1876,744,2,3,62,0
1877,745,5,3,51,0
1878,745,16,5,46,0
1879,745,14,4,80,0.05
1880,745,8,1,34,0
1881,746,13,4,63,0
1882,747,15,1,97,0.05
1883,748,8,1,34,0
1884,748,2,1,62,0
1885,749,6,3,68,0
1886,749,8,3,34,0
1887,749,16,1,46,0
1888,749,7,4,85,0.05
1889,750,12,5,40,0.05
1890,750,8,5,34,0.05
1891,750,4,1,28,0.05
1892,751,5,5,51,0
1893,751,7,1,85,0.05
1894,752,15,1,97,0
1895,752,2,3,62,0.05
1896,752,10,1,74,0
1897,752,13,4,63,0
1898,753,7,4,85,0
1899,753,2,3,62,0
1900,754,9,5,57,0
1901,754,11,5,91,0.1
1902,754,2,1,62,0.1
1903,755,14,5,80,0.05
1904,755,13,4,63,0
1905,755,1,3,45,0.05
1906,755,8,5,34,0.05
1907,756,12,3,40,0.05
1908,756,1,1,45,0.05
1909,756,11,3,91,0
1910,757,2,3,62,0.1
1911,757,7,4,85,0
1912,757,3,3,79,0.05
1913,757,15,2,97,0.05
1914,758,5,2,51,0
1915,758,2,2,62,0
1916,758,6,5,68,0.1
1917,758,2,5,62,0
1918,759,2,5,62,0
1919,759,3,5,79,0.1
1920,759,3,2,79,0
1921,760,3,4,79,0.05
1922,760,11,5,91,0.05
1923,760,14,3,80,0.1
1924,760,10,5,74,0
1925,761,4,5,28,0
1926,762,5,4,51,0
1927,763,4,5,28,0
1928,763,15,3,97,0.05
1929,763,10,2,74,0.05
1930,763,12,2,40,0.1
1931,764,14,3,80,0
1932,764,3,3,79,0.1
1933,764,15,4,97,0
1934,764,5,5,51,0
1935,765,9,3,57,0.05
1936,765,3,4,79,0.1
1937,766,6,4,68,0
1938,766,14,3,80,0.1
1939,767,1,2,45,0
1940,767,13,4,63,0.05
1941,767,8,3,34,0
1942,767,11,5,91,0
1943,768,15,4,97,0.1
1944,768,14,3,80,0.1
1945,768,6,5,68,0
1946,769,15,4,97,0.05
1947,769,9,1,57,0
1948,769,11,1,91,0.1
1949,770,5,1,51,0
1950,770,9,5,57,0.05
1951,771,9,4,57,0.1
1952,771,6,3,68,0.05
1953,771,4,2,28,0.05
1954,772,1,5,45,0
1955,772,7,1,85,0.1
1956,773,14,4,80,0
1957,773,10,1,74,0
1958,773,14,4,80,0.05
1959,774,12,1,40,0
1960,775,9,4,57,0
1961,775,11,1,91,0.1
1962,775,11,2,91,0
1963,776,8,2,34,0.05
1964,776,16,2,46,0.1
1965,776,7,1,85,0
1966,776,7,2,85,0
1967,777,12,4,40,0
1968,777,8,3,34,0.1
1969,778,10,1,74,0
1970,778,10,4,74,0.1
1971,778,14,1,80,0
1972,778,11,1,91,0.05
1973,779,14,2,80,0
1974,779,7,4,85,0
1975,779,11,3,91,0.05
1976,779,15,4,97,0.1
1977,780,11,1,91,0.05
1978,780,8,5,34,0
1979,781,5,5,51,0
1980,781,1,4,45,0
1981,781,11,3,91,0
1982,782,6,5,68,0.1
1983,782,8,3,34,0
1984,783,1,1,45,0
1985,783,4,5,28,0.1
1986,784,1,2,45,0
1987,784,13,2,63,0.05
1988,784,3,1,79,0.1
1989,785,11,4,91,0
1990,785,15,2,97,0
1991,785,16,4,46,0.05
1992,786,16,3,46,0
1993,786,16,4,46,0.05
1994,786,4,4,28,0
1995,787,15,3,97,0.1
1996,787,10,3,74,0
1997,788,7,4,85,0
1998,788,13,5,63,0.1
1999,789,9,4,57,0.05
2000,789,5,1,51,0.05
2001,789,14,1,80,0.05
2002,789,16,5,46,0.1
2003,790,3,1,79,0.1
2004,790,13,2,63,0
2005,790,4,2,28,0
2006,790,4,1,28,0.1
2007,791,13,1,63,0.05
2008,791,10,3,74,0.05
2009,791,12,5,40,0
2010,791,7,5,85,0.05
2011,792,11,2,91,0
2012,792,16,1,46,0.05
2013,793,10,2,74,0
2014,794,15,5,97,0
2015,795,7,3,85,0.05
2016,796,12,5,40,0.1
2017,796,7,1,85,0
2018,796,7,3,85,0
2019,797,11,5,91,0.05
2020,797,16,2,46,0
2021,797,5,2,51,0
2022,797,1,3,45,0
2023,798,14,4,80,0.05
2024,798,4,2,28,0.1
2025,798,13,4,63,0.05
2026,798,11,5,91,0
2027,799,5,4,51,0.1
2028,799,9,1,57,0.1
2029,799,6,1,68,0.05
2030,800,7,4,85,0.05
2031,800,1,2,45,0.1
2032,801,11,1,91,0.05
2033,801,1,5,45,0.05
2034,801,2,3,62,0.05
2035,802,15,4,97,0
2036,802,4,1,28,0.05
2037,802,3,4,79,0
2038,802,2,3,62,0
2039,803,11,3,91,0
2040,804,14,1,80,0
2041,804,5,3,51,0
2042,804,2,3,62,0
2043,804,14,2,80,0
2044,805,3,5,79,0.1
2045,805,3,2,79,0
2046,805,1,2,45,0
2047,805,12,4,40,0
2048,806,5,3,51,0
2049,806,10,2,74,0.05
2050,807,9,2,57,0
2051,807,9,4,57,0.05
2052,808,15,2,97,0
2053,808,13,2,63,0
2054,808,14,3,80,0.05
2055,809,9,2,57,0.1
2056,809,4,5,28,0
2057,810,13,5,63,0
2058,810,4,3,28,0
2059,810,16,3,46,0.05
2060,811,1,4,45,0.1
2061,811,14,4,80,0.1
2062,812,16,4,46,0.05
2063,812,8,5,34,0
2064,812,9,5,57,0.1
2065,813,7,5,85,0
2066,813,11,1,91,0
2067,813,5,3,51,0.1
2068,814,7,2,85,0.05
2069,814,6,2,68,0
2070,815,1,4,45,0
2071,815,16,5,46,0.1
2072,815,16,4,46,0.1
2073,816,5,4,51,0.05
2074,816,14,5,80,0.1
2075,816,12,4,40,0
2076,817,12,3,40,0
2077,817,13,1,63,0
2078,817,7,1,85,0
2079,818,14,2,80,0.05
2080,818,16,1,46,0.05
2081,819,4,4,28,0
2082,819,4,4,28,0
2083,819,5,5,51,0.1
2084,819,1,4,45,0.1
2085,820,4,5,28,0.1
2086,820,16,3,46,0.05
2087,820,6,4,68,0.1
2088,821,9,2,57,0.1
2089,821,15,3,97,0
2090,821,16,4,46,0.05
2091,822,10,1,74,0.05
2092,822,12,4,40,0
2093,822,10,1,74,0
2094,823,8,2,34,0
2095,823,5,2,51,0.1
2096,823,9,3,57,0.1
2097,823,8,5,34,0.1
2098,824,4,4,28,0
2099,824,10,4,74,0.1
2100,825,10,5,74,0
2101,825,2,3,62,0.1
2102,825,14,3,80,0
2103,826,10,3,74,0
2104,826,1,4,45,0
2105,827,4,2,28,0
2106,827,10,5,74,0.1
2107,827,11,5,91,0.1
2108,828,12,4,40,0
2109,828,16,2,46,0
2110,828,9,4,57,0
2111,829,3,2,79,0.05
2112,829,11,4,91,0.1
2113,829,12,5,40,0.1
2114,830,8,4,34,0
2115,830,4,1,28,0.1
2116,830,4,5,28,0.05
2117,830,6,4,68,0.1
2118,831,11,3,91,0
2119,831,11,5,91,0.1
2120,831,13,4,63,0.1
2121,832,13,3,63,0
2122,832,11,4,91,0
2123,833,14,4,80,0
2124,833,8,2,34,0
2125,833,14,1,80,0.05
2126,833,6,5,68,0.1
2127,834,7,2,85,0.1
2128,834,8,2,34,0.1
2129,834,7,3,85,0
2130,834,1,2,45,0.1
2131,835,15,5,97,0
2132,835,11,2,91,0
2133,836,14,5,80,0.1
2134,837,4,5,28,0
2135,837,2,3,62,0.1
2136,837,2,3,62,0.1
2137,838,4,2,28,0.05
2138,839,14,3,80,0
2139,839,16,2,46,0.05
2140,839,3,4,79,0.1
2141,840,11,4,91,0.05
2142,840,2,2,62,0
2143,840,1,2,45,0.05
2144,840,10,3,74,0
2145,841,10,2,74,0
2146,841,10,4,74,0.05
2147,841,1,2,45,0.05
2148,841,1,3,45,0.05
2149,842,12,2,40,0.05
2150,842,13,4,63,0
2151,843,1,1,45,0.05
2152,843,7,2,85,0
2153,843,4,2,28,0.05
2154,843,1,5,45,0
2155,844,4,3,28,0
2156,844,3,1,79,0.1
2157,844,8,2,34,0.05
2158,844,6,2,68,0
2159,845,9,1,57,0
2160,845,3,2,79,0.05
2161,845,8,2,34,0.1
2162,846,7,4,85,0
2163,847,16,3,46,0
2164,847,4,4,28,0
2165,848,9,4,57,0
2166,848,16,5,46,0.05
2167,848,10,3,74,0
2168,848,10,4,74,0
2169,849,16,4,46,0
2170,849,14,3,80,0
2171,849,15,3,97,0
2172,850,10,5,74,0.05
2173,850,16,1,46,0.05
2174,851,11,2,91,0
2175,851,6,2,68,0
2176,852,9,2,57,0.05
2177,852,10,3,74,0
2178,852,12,3,40,0.1
2179,852,13,4,63,0
2180,853,5,4,51,0.05
2181,853,9,3,57,0.05
2182,853,7,2,85,0.1
2183,854,11,4,91,0.1
2184,854,2,4,62,0.1
2185,855,11,3,91,0.05
2186,856,3,3,79,0.1
2187,856,5,5,51,0.05
2188,857,9,5,57,0.05
2189,857,5,1,51,0.05
2190,857,12,4,40,0
2191,858,11,2,91,0.05
2192,858,1,2,45,0
2193,858,14,4,80,0.1
2194,859,1,5,45,0.1
2195,859,11,5,91,0.1
2196,859,11,1,91,0
2197,860,15,5,97,0
2198,861,15,2,97,0.05
2199,861,11,4,91,0.1
2200,861,13,5,63,0.05
2201,861,8,3,34,0.1
2202,862,15,2,97,0.05
2203,862,5,2,51,0
2204,862,6,1,68,0
2205,863,3,3,79,0.05
2206,863,7,2,85,0.05
2207,863,9,2,57,0
2208,864,13,1,63,0.1
2209,865,15,4,97,0
2210,865,13,5,63,0
2211,865,6,5,68,0
2212,865,7,1,85,0.1
2213,866,7,2,85,0
2214,866,12,4,40,0.05
2215,866,15,1,97,0
2216,866,14,4,80,0
2217,867,10,2,74,0
2218,867,13,4,63,0
2219,867,9,3,57,0
2220,867,8,2,34,0
2221,868,2,1,62,0
2222,868,10,3,74,0.1
2223,868,14,2,80,0
2224,868,5,2,51,0.05
2225,869,16,2,46,0.05
2226,870,11,1,91,0
2227,870,16,1,46,0
2228,870,2,5,62,0.1
2229,871,12,2,40,0
2230,872,14,5,80,0.1
2231,872,1,3,45,0.1
2232,872,9,2,57,0.05
2233,872,12,5,40,0
2234,873,5,2,51,0
2235,873,13,3,63,0
2236,874,11,4,91,0.05
2237,874,5,3,51,0.1
2238,874,5,5,51,0
2239,875,6,1,68,0
2240,875,8,2,34,0.1
2241,876,7,5,85,0.1
2242,876,7,4,85,0.05
2243,876,4,3,28,0.05
2244,877,15,1,97,0.05
2245,877,9,1,57,0.05
2246,877,1,5,45,0
2247,877,15,1,97,0
2248,878,10,4,74,0.1
2249,878,3,5,79,0
2250,878,7,2,85,0
2251,879,5,5,51,0
2252,879,12,5,40,0
2253,879,6,3,68,0
2254,880,5,5,51,0.1
2255,880,9,1,57,0.1
2256,881,11,2,91,0.05
2257,881,3,1,79,0.1
2258,881,16,2,46,0
2259,881,6,4,68,0.1
2260,882,8,3,34,0
2261,883,7,4,85,0
2262,883,11,1,91,0
2263,884,8,4,34,0.05
2264,884,15,2,97,0
2265,884,11,3,91,0
2266,884,9,1,57,0.1
2267,885,10,2,74,0
2268,885,12,2,40,0.1
2269,885,14,4,80,0
2270,885,9,3,57,0.05
2271,886,12,1,40,0
2272,886,16,2,46,0.1
2273,886,14,3,80,0
2274,887,13,1,63,0
2275,887,4,5,28,0
2276,887,8,3,34,0.1
2277,887,2,3,62,0.1
2278,888,1,2,45,0
2279,888,14,1,80,0.1
2280,888,9,3,57,0.05
2281,888,8,3,34,0.1
2282,889,6,2,68,0.05
2283,889,12,2,40,0.1
2284,889,11,3,91,0
2285,890,13,3,63,0.1
2286,891,12,3,40,0.1
2287,891,6,2,68,0.05
2288,891,10,5,74,0
2289,891,3,2,79,0
2290,892,11,5,91,0.05
2291,892,13,1,63,0.05
2292,893,2,2,62,0
2293,893,9,1,57,0.1
2294,893,8,2,34,0
2295,893,7,2,85,0
2296,894,15,4,97,0
2297,894,13,5,63,0.1
2298,894,12,3,40,0.1
2299,894,8,3,34,0.05
2300,895,5,1,51,0.1
2301,895,4,5,28,0
2302,896,15,5,97,0.1
2303,897,15,5,97,0
2304,898,3,3,79,0
2305,898,9,5,57,0.05
2306,899,14,2,80,0.1
2307,899,15,3,97,0.05
2308,899,14,2,80,0.05
2309,899,2,3,62,0
2310,900,6,2,68,0
2311,900,6,2,68,0
2312,900,16,1,46,0.05
2313,900,13,5,63,0.1
2314,901,11,2,91,0
2315,901,6,4,68,0.05
2316,902,8,3,34,0
2317,902,4,5,28,0.05
2318,903,1,1,45,0.05
2319,904,3,2,79,0
2320,904,16,2,46,0
2321,904,4,2,28,0.05
2322,905,5,4,51,0
2323,905,4,3,28,0.05
2324,906,4,4,28,0
2325,906,11,4,91,0.1
2326,907,11,2,91,0.05
2327,908,2,3,62,0
2328,908,16,5,46,0
2329,908,3,3,79,0.1
2330,908,7,3,85,0.05
2331,909,13,4,63,0.1
2332,909,1,4,45,0
2333,909,16,5,46,0.1
2334,909,10,1,74,0
2335,910,11,1,91,0
2336,910,10,4,74,0
2337,911,6,5,68,0.05
2338,911,2,2,62,0
2339,911,6,2,68,0.05
2340,911,7,4,85,0
2341,912,4,3,28,0
2342,912,11,2,91,0.1
2343,913,2,2,62,0
2344,913,9,4,57,0.05
2345,913,9,4,57,0
2346,913,14,4,80,0.05
2347,914,9,5,57,0
2348,914,13,1,63,0.1
2349,914,8,1,34,0
2350,914,16,1,46,0
2351,915,10,5,74,0.05
2352,915,9,1,57,0
2353,915,7,1,85,0.1
2354,915,2,4,62,0.1
2355,916,6,1,68,0
2356,916,12,4,40,0
2357,916,2,5,62,0
2358,916,11,1,91,0
2359,917,12,4,40,0
2360,917,2,4,62,0.1
2361,918,6,2,68,0.05
2362,918,15,1,97,0.1
2363,919,6,2,68,0.05
2364,919,3,4,79,0
2365,919,6,3,68,0.05
2366,920,13,1,63,0
2367,921,3,1,79,0.1
2368,922,15,2,97,0.1
2369,922,12,4,40,0.1
2370,922,5,4,51,0.05
2371,922,10,2,74,0.1
2372,923,14,3,80,0
2373,924,13,2,63,0.05
2374,924,13,4,63,0.1
2375,925,12,3,40,0.05
2376,925,5,5,51,0
2377,925,7,5,85,0
2378,925,12,4,40,0.1
2379,926,16,1,46,0.1
2380,926,14,1,80,0
2381,927,6,4,68,0
2382,927,13,5,63,0
2383,927,5,4,51,0
2384,927,11,4,91,0
2385,928,2,1,62,0
2386,928,1,1,45,0.05
2387,928,11,3,91,0
2388,929,12,5,40,0.05
2389,930,10,3,74,0
2390,930,6,2,68,0
2391,931,9,2,57,0
2392,931,5,4,51,0
2393,931,5,4,51,0.1
2394,931,6,1,68,0.05
2395,932,12,3,40,0
2396,932,3,2,79,0
2397,932,13,2,63,0
2398,932,7,3,85,0.05
2399,933,1,5,45,0.1
2400,933,12,3,40,0
2401,933,1,4,45,0.05
2402,933,2,2,62,0.05
2403,934,15,1,97,0.05
2404,934,5,5,51,0
2405,934,1,3,45,0.1
2406,935,9,4,57,0.05
2407,936,5,3,51,0.05
2408,936,16,3,46,0.05
2409,936,15,1,97,0.05
2410,937,4,2,28,0
2411,937,3,2,79,0
2412,938,11,5,91,0
2413,939,4,5,28,0
2414,939,5,2,51,0
2415,939,3,1,79,0.1
2416,940,13,3,63,0
2417,941,16,3,46,0
2418,941,1,1,45,0
2419,942,4,1,28,0
2420,942,11,2,91,0
2421,943,7,4,85,0.05
2422,943,8,5,34,0
2423,943,9,3,57,0
2424,944,14,1,80,0.1
2425,945,9,3,57,0.1
2426,946,7,2,85,0
2427,946,12,4,40,0.1
2428,946,11,4,91,0.1
2429,947,13,4,63,0
2430,947,11,4,91,0
2431,948,5,5,51,0
2432,948,1,4,45,0.1
2433,949,13,2,63,0.05
2434,949,9,2,57,0
2435,949,16,4,46,0.1
2436,949,6,4,68,0
2437,950,10,2,74,0
2438,950,16,2,46,0.1
2439,950,10,2,74,0.05
2440,950,14,5,80,0
2441,951,5,3,51,0.1
2442,951,15,3,97,0.1
2443,951,11,2,91,0.05
2444,952,11,2,91,0
2445,952,8,5,34,0
2446,952,8,4,34,0.1
2447,953,5,5,51,0.05
2448,953,16,4,46,0.05
2449,953,13,2,63,0.05
2450,953,12,1,40,0.1
2451,954,5,3,51,0.05
2452,954,11,5,91,0
2453,954,7,5,85,0
2454,954,2,2,62,0.05
2455,955,10,3,74,0
2456,956,3,3,79,0.1
2457,956,5,4,51,0.1
2458,956,15,3,97,0
2459,956,15,3,97,0
2460,957,11,1,91,0
2461,957,11,5,91,0.1
2462,958,1,4,45,0.05
2463,958,11,5,91,0
2464,958,11,5,91,0
2465,958,2,2,62,0.1
2466,959,6,2,68,0
2467,960,11,1,91,0.1
2468,960,2,5,62,0.1
2469,960,13,2,63,0
2470,960,15,2,97,0
2471,961,1,1,45,0
2472,962,5,2,51,0.05
2473,962,13,1,63,0.05
2474,963,7,5,85,0
2475,964,12,5,40,0
2476,965,9,5,57,0.05
2477,965,6,2,68,0.05
2478,965,11,3,91,0.1
2479,966,13,2,63,0
2480,966,13,1,63,0
2481,966,10,2,74,0.05
2482,966,2,2,62,0.05
2483,967,6,3,68,0
2484,967,13,3,63,0.1
2485,968,10,2,74,0
2486,968,1,1,45,0
2487,968,9,1,57,0.05
2488,968,6,1,68,0
2489,969,3,3,79,0.1
2490,969,10,1,74,0
2491,969,9,4,57,0
2492,970,1,1,45,0
2493,970,15,5,97,0.05
2494,971,7,1,85,0.1
2495,971,1,1,45,0.1
2496,972,2,1,62,0.05
2497,973,1,3,45,0
2498,973,15,1,97,0
2499,973,14,5,80,0.1
2500,974,12,4,40,0.1
2501,975,11,3,91,0.1
2502,975,13,3,63,0.1
2503,976,14,3,80,0.1
2504,976,9,2,57,0.05
2505,976,15,4,97,0
2506,976,11,5,91,0
2507,977,7,4,85,0
2508,977,4,5,28,0
2509,978,8,3,34,0.1
2510,978,12,5,40,0.1
2511,979,14,1,80,0
2512,979,15,2,97,0
2513,979,4,4,28,0
2514,980,10,2,74,0
2515,980,7,1,85,0
2516,980,3,1,79,0.05
2517,980,4,4,28,0.05
2518,981,11,4,91,0.05
2519,981,14,5,80,0.1
2520,981,2,4,62,0
2521,982,13,5,63,0
2522,982,12,4,40,0
2523,982,16,1,46,0.1
2524,982,3,1,79,0
2525,983,8,5,34,0.1
2526,983,15,2,97,0.1
2527,983,5,5,51,0
2528,984,15,3,97,0.1
2529,984,2,3,62,0
2530,985,6,1,68,0.05
2531,985,14,1,80,0
2532,985,3,2,79,0.1
2533,986,13,1,63,0.05
2534,986,11,5,91,0.1
2535,987,4,2,28,0
2536,988,14,1,80,0.05
2537,988,4,4,28,0.1
2538,988,3,1,79,0.05
2539,989,5,1,51,0
2540,989,6,2,68,0.1
2541,990,3,2,79,0.1
2542,990,2,2,62,0
2543,990,5,4,51,0
2544,990,1,1,45,0.05
2545,991,11,2,91,0.1
2546,991,7,4,85,0.1
2547,992,5,2,51,0
2548,993,6,2,68,0.1
2549,994,14,1,80,0.1
2550,994,11,4,91,0
2551,994,12,4,40,0.1
2552,995,14,2,80,0
2553,995,10,4,74,0
2554,995,1,4,45,0
2555,995,5,1,51,0.05
2556,996,10,5,74,0.05
2557,996,16,5,46,0.1
2558,996,5,4,51,0.05
2559,997,9,3,57,0.05
2560,998,7,3,85,0.05
2561,998,11,5,91,0.1
2562,999,5,3,51,0
2563,999,12,5,40,0.05
2564,1000,4,3,28,0
2565,1000,11,2,91,0.1
2566,1001,15,5,97,0.05
2567,1001,3,3,79,0
2568,1001,13,1,63,0
2569,1002,9,5,57,0.1
2570,1002,2,4,62,0.1
2571,1002,16,4,46,0.1
2572,1002,5,2,51,0
2573,1003,9,1,57,0.05
2574,1004,7,1,85,0
2575,1004,14,2,80,0
2576,1004,9,5,57,0.05
2577,1004,5,1,51,0.05
2578,1005,7,5,85,0
2579,1005,3,5,79,0.05
2580,1005,4,1,28,0
2581,1005,8,2,34,0.1
2582,1006,4,1,28,0
2583,1006,14,5,80,0.1
2584,1006,8,1,34,0
2585,1007,13,1,63,0.05
2586,1007,16,4,46,0.05
2587,1007,16,5,46,0.1
2588,1007,7,3,85,0
2589,1008,7,2,85,0.05
2590,1008,9,2,57,0.05
2591,1008,13,5,63,0.1
2592,1008,8,1,34,0.1
2593,1009,12,4,40,0
2594,1009,15,4,97,0
2595,1009,12,2,40,0.05
2596,1010,8,5,34,0
2597,1010,13,3,63,0
2598,1011,2,3,62,0
2599,1012,5,4,51,0.05
2600,1012,6,2,68,0.1
2601,1012,3,2,79,0
2602,1013,14,2,80,0
2603,1013,4,3,28,0
2604,1013,15,5,97,0.05
2605,1013,5,5,51,0
2606,1014,9,5,57,0
2607,1014,2,4,62,0
2608,1015,8,5,34,0.05
2609,1015,9,4,57,0
2610,1016,2,1,62,0.1
2611,1016,10,4,74,0.1
2612,1017,15,5,97,0.05
2613,1017,13,3,63,0.1
2614,1017,16,2,46,0
2615,1017,12,3,40,0
2616,1018,12,1,40,0.05
2617,1018,1,2,45,0.1
2618,1018,5,4,51,0
2619,1019,1,2,45,0.1
2620,1019,13,4,63,0.1
2621,1020,2,2,62,0
2622,1020,4,3,28,0.05
2623,1020,15,4,97,0.1
2624,1020,10,3,74,0.1
2625,1021,7,3,85,0
2626,1021,9,1,57,0
2627,1021,12,1,40,0.1
2628,1022,10,3,74,0
2629,1022,4,4,28,0.1
2630,1022,2,5,62,0
2631,1023,11,4,91,0.05
2632,1023,7,1,85,0.1
2633,1023,8,1,34,0
2634,1023,5,2,51,0.1
2635,1024,14,5,80,0.05
2636,1024,7,1,85,0
2637,1025,3,2,79,0.1
2638,1025,6,4,68,0
2639,1025,15,3,97,0.05
2640,1025,9,5,57,0.05
2641,1026,8,2,34,0
2642,1026,9,3,57,0.05
2643,1026,13,1,63,0.05
2644,1027,8,2,34,0
2645,1027,5,1,51,0.05
2646,1028,10,1,74,0
2647,1028,16,1,46,0.05
2648,1028,2,4,62,0.1
2649,1029,11,3,91,0
2650,1030,7,4,85,0.1
2651,1030,10,2,74,0
2652,1030,11,5,91,0.1
2653,1030,4,1,28,0
2654,1031,16,1,46,0
2655,1031,1,4,45,0
2656,1031,12,5,40,0
2657,1031,10,3,74,0
2658,1032,7,2,85,0.1
2659,1033,3,5,79,0.05
2660,1033,15,5,97,0.05
2661,1033,4,4,28,0
2662,1034,6,4,68,0.1
2663,1034,10,3,74,0.1
2664,1034,8,3,34,0.05
2665,1035,2,1,62,0
2666,1035,4,2,28,0
2667,1036,10,3,74,0.05
2668,1037,10,2,74,0.1
2669,1038,12,1,40,0
2670,1038,16,4,46,0.1
2671,1039,14,3,80,0
2672,1039,3,4,79,0.05
2673,1039,5,2,51,0.1
2674,1040,2,1,62,0.05
2675,1040,12,3,40,0
2676,1040,7,2,85,0
2677,1040,9,5,57,0.1
2678,1041,15,5,97,0.05
2679,1042,1,4,45,0
2680,1042,14,4,80,0
2681,1042,8,4,34,0.05
2682,1043,13,3,63,0
2683,1043,2,2,62,0.1
2684,1043,1,4,45,0
2685,1044,1,5,45,0.05
2686,1044,2,4,62,0
2687,1044,10,1,74,0
2688,1044,13,5,63,0.05
2689,1045,3,3,79,0
2690,1045,1,1,45,0
2691,1045,9,2,57,0.05
2692,1045,14,2,80,0.1
2693,1046,10,5,74,0
2694,1046,5,1,51,0
2695,1046,3,3,79,0
2696,1047,4,4,28,0.05
2697,1047,12,1,40,0.05
2698,1047,7,5,85,0.05
2699,1047,3,1,79,0
2700,1048,16,3,46,0
2701,1048,13,4,63,0
2702,1049,16,5,46,0
2703,1049,8,4,34,0.1
2704,1050,15,2,97,0
2705,1051,14,1,80,0.05
2706,1051,3,2,79,0
2707,1051,4,5,28,0
2708,1052,11,2,91,0.05
2709,1053,2,3,62,0
2710,1054,14,1,80,0.05
2711,1054,10,3,74,0.1
2712,1054,3,2,79,0
2713,1055,11,1,91,0
2714,1055,3,2,79,0
2715,1055,3,5,79,0.05
2716,1056,10,4,74,0
2717,1057,3,1,79,0
2718,1057,16,1,46,0.1
2719,1058,6,5,68,0
2720,1058,6,2,68,0
2721,1058,1,4,45,0
2722,1059,14,1,80,0.05
2723,1059,7,4,85,0
2724,1060,7,5,85,0.05
2725,1060,13,5,63,0.1
2726,1060,10,3,74,0
2727,1060,4,4,28,0.05
2728,1061,7,3,85,0
2729,1061,4,2,28,0
2730,1061,8,2,34,0
2731,1061,13,2,63,0
2732,1062,4,1,28,0.1
2733,1062,7,4,85,0
2734,1063,14,4,80,0.05
2735,1063,7,2,85,0
2736,1063,7,2,85,0.1
2737,1064,1,4,45,0.1
2738,1064,2,4,62,0.05
2739,1064,4,3,28,0
2740,1065,16,5,46,0
2741,1066,15,2,97,0.05
2742,1066,13,3,63,0
2743,1067,8,4,34,0.1
2744,1068,9,1,57,0.05
2745,1068,10,4,74,0
2746,1068,4,2,28,0.05
2747,1069,16,5,46,0
2748,1069,1,3,45,0.1
2749,1070,4,3,28,0.1
2750,1070,9,5,57,0
2751,1071,7,2,85,0.05
2752,1071,11,3,91,0.1
2753,1071,11,4,91,0
2754,1071,1,1,45,0
2755,1072,7,4,85,0.1
2756,1073,5,2,51,0
2757,1073,4,1,28,0.05
2758,1073,9,5,57,0.1
2759,1073,3,3,79,0
2760,1074,2,4,62,0.05
2761,1074,1,4,45,0
2762,1075,9,1,57,0.1
2763,1075,12,4,40,0
2764,1076,8,1,34,0
2765,1076,7,2,85,0
2766,1077,5,1,51,0
2767,1077,7,3,85,0.05
2768,1078,6,4,68,0.1
2769,1079,4,1,28,0
2770,1079,5,4,51,0
2771,1079,6,3,68,0.05
2772,1079,6,5,68,0
2773,1080,9,3,57,0.05
2774,1080,1,2,45,0.1
2775,1080,15,1,97,0
2776,1080,5,1,51,0
2777,1081,2,5,62,0.15
2778,1081,8,1,34,0.15
2779,1082,9,3,57,0.05
2780,1083,7,2,85,0
2781,1083,3,5,79,0
2782,1083,3,4,79,0
2783,1083,11,4,91,0
2784,1084,1,1,45,0
2785,1085,3,2,79,0.1
2786,1086,2,5,62,0
2787,1086,12,3,40,0.1
2788,1086,10,3,74,0.05
2789,1087,10,4,74,0
2790,1087,10,5,74,0
2791,1087,16,1,46,0.1
2792,1087,2,5,62,0
2793,1088,12,5,40,0.05
2794,1089,8,4,34,0.2
2795,1090,12,3,40,0
2796,1091,16,1,46,0.15
2797,1092,6,2,68,0.1
2798,1093,9,5,57,0
2799,1093,1,3,45,0.05
2800,1093,6,5,68,0.1
2801,1093,8,5,34,0
2802,1094,13,3,63,0
2803,1095,10,2,74,0.05
2804,1095,6,1,68,0
2805,1095,5,3,51,0.1
2806,1095,10,3,74,0
2807,1096,13,2,63,0.05
2808,1096,12,3,40,0
2809,1096,8,3,34,0.05
2810,1097,3,4,79,0.1
2811,1098,8,1,34,0.05
2812,1099,5,4,51,0
2813,1099,11,1,91,0.05
2814,1099,2,3,62,0
2815,1100,7,5,85,0.05
2816,1100,4,4,28,0
2817,1100,4,1,28,0
2818,1101,2,5,62,0.15
2819,1102,13,3,63,0
2820,1102,14,1,80,0
2821,1103,4,4,28,0.1
2822,1103,1,5,45,0.2
2823,1103,4,5,28,0.1
2824,1103,13,3,63,0.25
2825,1104,14,1,80,0
2826,1105,10,5,74,0
2827,1106,8,2,34,0.1
2828,1106,11,1,91,0
2829,1106,14,2,80,0
2830,1107,3,2,79,0.1
2831,1107,11,4,91,0
2832,1108,5,5,51,0.1
2833,1108,2,3,62,0
2834,1108,11,2,91,0.1
2835,1109,4,1,28,0.25
2836,1110,7,3,85,0.1
2837,1111,13,2,63,0.1
2838,1112,9,3,57,0.05
2839,1112,14,5,80,0
2840,1113,14,5,80,0
2841,1113,9,3,57,0
2842,1113,10,5,74,0
2843,1113,15,2,97,0.05
2844,1114,14,1,80,0.15
2845,1114,4,1,28,0.2
2846,1115,12,5,40,0
2847,1116,15,3,97,0
2848,1117,10,5,74,0.1
2849,1117,10,2,74,0.25
2850,1117,8,2,34,0.1
2851,1117,10,5,74,0.15
2852,1118,10,2,74,0.1
2853,1118,2,4,62,0
2854,1119,15,4,97,0.25
2855,1120,8,3,34,0.05
2856,1120,5,5,51,0
2857,1121,14,1,80,0
2858,1121,14,3,80,0
2859,1121,5,4,51,0.05
2860,1122,3,5,79,0.1
2861,1122,12,4,40,0
2862,1122,7,1,85,0.1
2863,1123,7,5,85,0.05
2864,1123,4,3,28,0
2865,1124,10,5,74,0.1
2866,1124,6,4,68,0.1
2867,1125,2,1,62,0.15
2868,1126,1,1,45,0
2869,1126,2,5,62,0.05
2870,1126,3,3,79,0
2871,1127,15,4,97,0
2872,1127,12,2,40,0.05
2873,1128,13,2,63,0.25
2874,1128,13,4,63,0.15
2875,1128,3,4,79,0.25
2876,1129,9,1,57,0.1
2877,1130,7,4,85,0
2878,1130,5,3,51,0.05
2879,1131,4,4,28,0
2880,1131,7,2,85,0
2881,1131,6,1,68,0.1
2882,1131,14,2,80,0.05
2883,1132,13,1,63,0.15
2884,1132,10,3,74,0.1
2885,1132,6,5,68,0.1
2886,1133,4,4,28,0.2
2887,1134,4,4,28,0.1
2888,1134,5,4,51,0.1
2889,1134,6,2,68,0
2890,1135,9,5,57,0.1
2891,1135,11,4,91,0.1
2892,1136,8,1,34,0.2
2893,1136,11,2,91,0.1
2894,1137,15,4,97,0.25
2895,1138,1,3,45,0.25
2896,1138,3,2,79,0.15
2897,1139,13,3,63,0
2898,1140,13,5,63,0.1
2899,1140,6,1,68,0.2
2900,1140,15,5,97,0.2
2901,1141,6,2,68,0
2902,1142,14,5,80,0.05
2903,1142,10,2,74,0.05
2904,1143,3,3,79,0.05
2905,1144,15,1,97,0.15
2906,1145,7,5,85,0.1
2907,1145,15,3,97,0.1
2908,1145,3,4,79,0.25
2909,1145,5,5,51,0.25
2910,1146,11,5,91,0
2911,1146,2,5,62,0.05
2912,1147,8,3,34,0
2913,1147,1,3,45,0.1
2914,1148,1,1,45,0
2915,1149,12,3,40,0.05
2916,1149,13,4,63,0.1
2917,1149,12,5,40,0.05
2918,1150,13,2,63,0
2919,1150,4,3,28,0.1
2920,1150,3,3,79,0
2921,1151,11,4,91,0
2922,1151,6,4,68,0
2923,1152,4,2,28,0
2924,1152,13,3,63,0.05
2925,1152,13,5,63,0.05
2926,1153,1,2,45,0.05
2927,1153,4,5,28,0
2928,1154,6,1,68,0
2929,1154,11,5,91,0
2930,1154,2,1,62,0.05
2931,1154,10,1,74,0.05
2932,1155,7,1,85,0
2933,1155,12,5,40,0
2934,1155,16,5,46,0
2935,1156,2,1,62,0.15
2936,1156,4,3,28,0.1
2937,1156,6,4,68,0.1
2938,1157,16,1,46,0.2
2939,1157,12,4,40,0.15
2940,1158,14,4,80,0.2
2941,1158,6,2,68,0.2
2942,1158,9,5,57,0.25
2943,1159,6,5,68,0
2944,1159,4,1,28,0.1
2945,1159,1,2,45,0
2946,1160,12,2,40,0
2947,1160,8,2,34,0
2948,1160,11,1,91,0
2949,1161,6,1,68,0.05
2950,1161,13,4,63,0.1
2951,1161,8,4,34,0.1
2952,1161,15,3,97,0.1
2953,1162,12,3,40,0
2954,1162,3,5,79,0
2955,1163,5,2,51,0
2956,1164,10,5,74,0
2957,1165,14,3,80,0.1
2958,1165,15,3,97,0
2959,1166,15,2,97,0.2
2960,1167,9,4,57,0
2961,1167,2,3,62,0
2962,1167,15,4,97,0
2963,1168,15,1,97,0.15
2964,1168,7,2,85,0.15
2965,1169,6,2,68,0
2966,1169,7,4,85,0
2967,1169,14,3,80,0
2968,1170,8,2,34,0.05
2969,1170,8,5,34,0
2970,1171,16,4,46,0.1
2971,1172,11,3,91,0.25
2972,1173,1,2,45,0
2973,1173,6,1,68,0.05
2974,1173,15,5,97,0.1
2975,1173,7,4,85,0.05
2976,1174,4,2,28,0.05
2977,1175,2,1,62,0.05
2978,1175,16,5,46,0.1
2979,1176,12,5,40,0.15
2980,1176,13,1,63,0.15
2981,1177,4,4,28,0
2982,1177,6,2,68,0
2983,1177,12,1,40,0
2984,1178,2,5,62,0.1
2985,1178,16,1,46,0.25
2986,1179,5,2,51,0
2987,1180,14,4,80,0
2988,1180,3,1,79,0
2989,1180,4,2,28,0
2990,1180,2,4,62,0
2991,1181,7,1,85,0.15
2992,1181,11,2,91,0.15
2993,1182,5,3,51,0
2994,1183,5,3,51,0
2995,1183,11,2,91,0
2996,1183,13,2,63,0
2997,1183,7,3,85,0.05
2998,1184,7,5,85,0.05
2999,1185,8,4,34,0.15
3000,1186,12,4,40,0.15
3001,1186,1,3,45,0.15
3002,1186,4,3,28,0.25
3003,1187,2,4,62,0.25
3004,1187,1,4,45,0.15
3005,1188,11,3,91,0.05
3006,1189,8,3,34,0
3007,1190,13,4,63,0.1
3008,1190,10,5,74,0
3009,1190,12,3,40,0.05
3010,1191,4,2,28,0.05
3011,1191,1,1,45,0
3012,1191,4,5,28,0
3013,1191,1,4,45,0
3014,1192,16,2,46,0.1
3015,1193,15,1,97,0
3016,1193,4,3,28,0
3017,1193,7,5,85,0
3018,1194,8,3,34,0
3019,1194,10,3,74,0.05
3020,1194,7,4,85,0
3021,1194,7,1,85,0
3022,1195,15,4,97,0.1
3023,1195,16,1,46,0
3024,1195,1,3,45,0
3025,1196,15,3,97,0.1
3026,1196,14,2,80,0
3027,1197,16,1,46,0
3028,1197,9,4,57,0.1
3029,1198,3,1,79,0
3030,1199,9,1,57,0.2
3031,1200,1,3,45,0
3032,1200,3,3,79,0
3033,1200,2,5,62,0.05
3034,1201,8,1,34,0.25
3035,1201,4,4,28,0.2
3036,1201,13,1,63,0.15
3037,1201,2,4,62,0.2
3038,1202,6,2,68,0.05
3039,1202,4,5,28,0.1
3040,1202,3,3,79,0
3041,1202,5,1,51,0
3042,1203,4,1,28,0.1
3043,1203,1,3,45,0.1
3044,1204,3,4,79,0.2
3045,1205,13,3,63,0.05
3046,1206,12,5,40,0
3047,1206,15,5,97,0.05
3048,1206,1,5,45,0
3049,1206,1,3,45,0
3050,1207,6,2,68,0.1
3051,1208,3,2,79,0.1
3052,1209,5,4,51,0.1
3053,1209,16,1,46,0.05
3054,1209,12,2,40,0
3055,1209,3,5,79,0.1
3056,1210,6,4,68,0.15
3057,1210,13,3,63,0.25
3058,1211,14,3,80,0.25
3059,1212,1,3,45,0.1
3060,1212,5,1,51,0.1
3061,1212,13,2,63,0
3062,1212,12,5,40,0
3063,1213,1,5,45,0.2
3064,1213,8,5,34,0.25
3065,1214,15,5,97,0
3066,1214,3,1,79,0.05
3067,1215,12,5,40,0
3068,1215,7,4,85,0
3069,1216,2,3,62,0.05
3070,1216,4,4,28,0.05
3071,1217,9,3,57,0.1
3072,1217,4,5,28,0
3073,1217,2,2,62,0.05
3074,1218,16,4,46,0.15
3075,1219,13,4,63,0
3076,1220,4,2,28,0.05
3077,1220,13,4,63,0.05
3078,1220,8,5,34,0.1
3079,1220,15,3,97,0.1
3080,1221,11,1,91,0
3081,1221,5,5,51,0
3082,1221,16,3,46,0
3083,1222,12,1,40,0.25
3084,1223,7,4,85,0.05
3085,1223,5,1,51,0.05
3086,1223,2,4,62,0.1
3087,1223,10,5,74,0.05
3088,1224,9,5,57,0.1
3089,1224,14,1,80,0.05
3090,1224,9,2,57,0
3091,1224,10,3,74,0.1
3092,1225,1,5,45,0.2
3093,1225,8,2,34,0.25
3094,1225,12,3,40,0.25
3095,1226,10,1,74,0
3096,1226,11,5,91,0.05
3097,1226,2,1,62,0.1
3098,1227,10,2,74,0.1
3099,1227,16,4,46,0.05
3100,1228,1,1,45,0
3101,1228,4,1,28,0.05
3102,1228,9,5,57,0.1
3103,1228,1,5,45,0
3104,1229,5,2,51,0.15
3105,1229,12,4,40,0.2
3106,1229,14,3,80,0.25
3107,1229,4,2,28,0.15
3108,1230,11,2,91,0.1
3109,1230,13,5,63,0
3110,1230,12,2,40,0.05
3111,1230,6,3,68,0
3112,1231,12,3,40,0
3113,1231,12,3,40,0.1
3114,1231,5,2,51,0
3115,1232,10,5,74,0.1
3116,1232,3,4,79,0.1
3117,1232,13,2,63,0
3118,1232,6,4,68,0
3119,1233,12,1,40,0
3120,1233,3,5,79,0.1
3121,1233,2,3,62,0.05
3122,1233,7,1,85,0.1
3123,1234,9,5,57,0
3124,1234,8,3,34,0
3125,1235,15,4,97,0.05
3126,1235,3,4,79,0.05
3127,1235,9,3,57,0.05
3128,1235,12,3,40,0.05
3129,1236,3,4,79,0
3130,1236,4,1,28,0.05
3131,1236,4,2,28,0.1
3132,1237,14,5,80,0
3133,1237,2,3,62,0.05
3134,1237,5,4,51,0
3135,1237,15,2,97,0.05
3136,1238,9,2,57,0.05
3137,1238,7,5,85,0
3138,1238,6,5,68,0
3139,1238,4,2,28,0
3140,1239,7,2,85,0.15
3141,1239,4,1,28,0.1
3142,1240,3,5,79,0.1
3143,1241,16,4,46,0.1
3144,1242,3,3,79,0
3145,1242,8,5,34,0.05
3146,1242,8,1,34,0
3147,1242,9,4,57,0
3148,1243,4,1,28,0
3149,1243,1,4,45,0.1
3150,1243,1,3,45,0.05
3151,1244,11,1,91,0.25
3152,1245,3,1,79,0.2
3153,1246,10,1,74,0.1
3154,1246,4,4,28,0.05
3155,1247,12,5,40,0.25
3156,1248,13,5,63,0.1
3157,1248,15,1,97,0
3158,1249,3,3,79,0
3159,1249,14,2,80,0.05
3160,1249,3,5,79,0.1
3161,1249,1,5,45,0
3162,1250,15,5,97,0
3163,1250,10,1,74,0
3164,1250,12,2,40,0
3165,1251,4,4,28,0.1
3166,1251,3,2,79,0.1
3167,1251,6,1,68,0
3168,1252,5,4,51,0.05
3169,1252,5,5,51,0.1
3170,1252,3,4,79,0
3171,1252,9,3,57,0.05
3172,1253,10,3,74,0.1
3173,1253,2,3,62,0.1
3174,1253,5,1,51,0
3175,1254,1,1,45,0
3176,1255,14,3,80,0
3177,1255,7,2,85,0.05
3178,1255,16,2,46,0
3179,1256,1,1,45,0
3180,1256,6,2,68,0.05
3181,1256,8,1,34,0
3182,1257,1,4,45,0
3183,1257,12,5,40,0
3184,1257,12,1,40,0
3185,1258,11,2,91,0.1
3186,1259,15,1,97,0
3187,1259,2,4,62,0
3188,1260,16,3,46,0
3189,1261,10,2,74,0
3190,1261,15,4,97,0
3191,1261,14,3,80,0
3192,1262,14,1,80,0
3193,1263,7,1,85,0
3194,1264,8,2,34,0
3195,1264,10,2,74,0.05
3196,1264,8,3,34,0
3197,1264,2,4,62,0.05
3198,1265,15,2,97,0.2
3199,1265,7,5,85,0.15
3200,1265,8,4,34,0.25
3201,1265,2,3,62,0.1
3202,1266,13,3,63,0.2
3203,1267,6,1,68,0
3204,1267,11,3,91,0
3205,1268,8,1,34,0
3206,1269,4,5,28,0.15
3207,1269,10,4,74,0.1
3208,1269,6,2,68,0.25
3209,1269,12,2,40,0.2
3210,1270,3,2,79,0
3211,1271,2,1,62,0
3212,1271,2,1,62,0.05
3213,1271,7,2,85,0.05
3214,1272,2,4,62,0.05
3215,1272,16,1,46,0.1
3216,1272,5,4,51,0
3217,1273,3,1,79,0
3218,1273,10,5,74,0
3219,1274,1,3,45,0.05
3220,1275,2,5,62,0.05
3221,1275,10,5,74,0
3222,1275,11,5,91,0
3223,1275,12,3,40,0
3224,1276,13,1,63,0
3225,1276,16,5,46,0
3226,1276,13,5,63,0.1
3227,1277,15,4,97,0.05
3228,1277,8,4,34,0.05
3229,1277,5,2,51,0
3230,1277,10,3,74,0.05
3231,1278,15,4,97,0
3232,1278,1,2,45,0
3233,1278,1,1,45,0.1
3234,1278,13,3,63,0.05
3235,1279,15,5,97,0.15
3236,1280,8,2,34,0.05
3237,1280,4,1,28,0
3238,1281,2,3,62,0
3239,1281,9,2,57,0
3240,1281,4,1,28,0.1
3241,1281,8,2,34,0
3242,1282,15,3,97,0
3243,1282,14,3,80,0
3244,1282,8,2,34,0.1
3245,1283,15,3,97,0.05
3246,1283,3,3,79,0.1
3247,1284,1,4,45,0
3248,1284,12,2,40,0
3249,1285,6,1,68,0
3250,1285,4,5,28,0.1
3251,1285,12,5,40,0
3252,1285,4,5,28,0.1
3253,1286,11,5,91,0.1
3254,1287,13,5,63,0.1
3255,1288,7,1,85,0.1
3256,1288,5,5,51,0.1
3257,1288,9,3,57,0.05
3258,1288,4,5,28,0
3259,1289,6,5,68,0.2
3260,1290,2,3,62,0
3261,1290,16,3,46,0
3262,1291,7,1,85,0
3263,1291,1,2,45,0
3264,1291,2,3,62,0
3265,1292,16,3,46,0
3266,1292,4,2,28,0.05
3267,1292,2,2,62,0
3268,1292,2,4,62,0.05
3269,1293,12,5,40,0
3270,1294,13,5,63,0.15
3271,1294,3,1,79,0.1
3272,1294,3,4,79,0.25
3273,1295,4,1,28,0.05
3274,1295,9,1,57,0.1
3275,1296,4,4,28,0.1
3276,1296,12,4,40,0.1
3277,1297,5,1,51,0.1
3278,1297,2,3,62,0.05
3279,1297,9,3,57,0
3280,1297,14,4,80,0
3281,1298,12,1,40,0.05
3282,1298,13,2,63,0.1
3283,1298,6,4,68,0
3284,1298,4,1,28,0.05
3285,1299,5,3,51,0.05
3286,1299,5,1,51,0
3287,1299,16,5,46,0
3288,1299,14,2,80,0
3289,1300,9,2,57,0
3290,1300,8,2,34,0.05
3291,1300,6,3,68,0
3292,1300,8,2,34,0
3293,1301,3,1,79,0.05
3294,1301,16,4,46,0
3295,1302,13,5,63,0.05
3296,1302,15,4,97,0.05
3297,1302,11,2,91,0.05
3298,1302,14,3,80,0.1
3299,1303,3,4,79,0
3300,1303,5,1,51,0
3301,1303,12,1,40,0
3302,1303,10,5,74,0
3303,1304,11,3,91,0.1
3304,1304,15,2,97,0
3305,1305,5,2,51,0.05
3306,1305,4,3,28,0
3307,1305,10,1,74,0.05
3308,1306,14,1,80,0.05
3309,1306,10,2,74,0
3310,1307,8,1,34,0.1
3311,1307,4,4,28,0.15
3312,1307,4,1,28,0.25
3313,1307,9,3,57,0.15
3314,1308,15,3,97,0.05
3315,1308,16,1,46,0
3316,1308,6,1,68,0.1
3317,1308,5,2,51,0.1
3318,1309,11,4,91,0
3319,1309,1,1,45,0.05
3320,1309,2,3,62,0
3321,1309,3,1,79,0.05
3322,1310,16,2,46,0
3323,1310,6,3,68,0.1
3324,1311,10,2,74,0
3325,1312,16,2,46,0
3326,1313,12,2,40,0.1
3327,1313,1,5,45,0
3328,1313,16,2,46,0.05
3329,1314,8,2,34,0
3330,1314,15,2,97,0
3331,1315,16,2,46,0.05
3332,1315,8,4,34,0.1
3333,1315,12,1,40,0.1
3334,1316,6,4,68,0.1
3335,1317,7,4,85,0
3336,1317,16,1,46,0
3337,1318,6,1,68,0.1
3338,1318,14,3,80,0.05
3339,1319,9,2,57,0.15
3340,1319,7,2,85,0.15
3341,1319,1,1,45,0.2
3342,1319,12,5,40,0.15
3343,1320,6,5,68,0.05
3344,1320,2,4,62,0
3345,1320,16,2,46,0
3346,1320,4,5,28,0
3347,1321,1,4,45,0.15
3348,1321,10,1,74,0.15
3349,1322,10,4,74,0
3350,1323,3,3,79,0.25
3351,1323,11,3,91,0.15
3352,1323,3,3,79,0.25
3353,1323,9,1,57,0.2
3354,1324,13,5,63,0
3355,1325,6,1,68,0.1
3356,1325,1,3,45,0.25
3357,1325,1,1,45,0.1
3358,1326,7,5,85,0
3359,1327,15,5,97,0.25
3360,1327,16,2,46,0.15
3361,1327,16,2,46,0.15
3362,1327,13,1,63,0.2
3363,1328,12,2,40,0.2
3364,1328,3,4,79,0.2
3365,1328,11,2,91,0.1
3366,1328,6,1,68,0.2
3367,1329,9,3,57,0.1
3368,1329,10,4,74,0
3369,1329,1,2,45,0.1
3370,1329,15,4,97,0.05
3371,1330,15,5,97,0.2
3372,1330,3,4,79,0.25
3373,1330,14,1,80,0.2
3374,1331,7,1,85,0.1
3375,1331,14,5,80,0
3376,1331,15,1,97,0
3377,1331,12,2,40,0.1
3378,1332,15,1,97,0
3379,1332,4,2,28,0
3380,1332,7,4,85,0.05
3381,1333,11,5,91,0.1
3382,1333,10,4,74,0.1
3383,1333,11,3,91,0.05
3384,1334,10,5,74,0
3385,1335,9,3,57,0.1
3386,1335,9,4,57,0.05
3387,1336,14,2,80,0.1
3388,1336,7,5,85,0.05
3389,1336,6,1,68,0
3390,1337,4,4,28,0.25
3391,1337,12,2,40,0.25
3392,1338,5,1,51,0.1
3393,1338,9,5,57,0.2
3394,1339,2,1,62,0
3395,1339,12,1,40,0
3396,1340,11,4,91,0.05
3397,1340,13,2,63,0.05
3398,1340,16,1,46,0.1
3399,1340,3,5,79,0
3400,1341,7,3,85,0.05
3401,1341,8,1,34,0
3402,1341,12,1,40,0
3403,1342,6,2,68,0
3404,1342,7,3,85,0.1
3405,1342,9,4,57,0
3406,1342,1,3,45,0
3407,1343,1,1,45,0.15
3408,1343,9,4,57,0.15
3409,1343,3,4,79,0.2
3410,1343,9,2,57,0.2
3411,1344,12,1,40,0
3412,1344,9,4,57,0.1
3413,1345,7,2,85,0.15
3414,1345,8,1,34,0.1
3415,1346,7,1,85,0.1
3416,1346,9,4,57,0.25
3417,1347,12,1,40,0.1
3418,1347,5,4,51,0.05
3419,1347,11,2,91,0
3420,1347,12,2,40,0
3421,1348,16,2,46,0
3422,1348,5,5,51,0.05
3423,1348,1,1,45,0.1
3424,1349,10,1,74,0.05
3425,1349,14,3,80,0.1
3426,1350,11,3,91,0.1
3427,1350,6,3,68,0
3428,1350,8,5,34,0.1
3429,1350,16,2,46,0.05
3430,1351,13,4,63,0.05
3431,1351,5,2,51,0.1
3432,1351,7,4,85,0
3433,1352,2,1,62,0.1
3434,1353,14,5,80,0
3435,1353,3,4,79,0
3436,1353,16,3,46,0
3437,1354,4,5,28,0.05
3438,1354,6,5,68,0.05
3439,1354,4,4,28,0
3440,1355,9,2,57,0
3441,1355,6,2,68,0
3442,1355,10,2,74,0
3443,1355,11,3,91,0.1
3444,1356,7,2,85,0.05
3445,1357,10,5,74,0.2
3446,1358,12,1,40,0.05
3447,1358,15,4,97,0.05
3448,1358,6,4,68,0.1
3449,1358,7,2,85,0.05
3450,1359,16,3,46,0
3451,1359,12,5,40,0
3452,1359,3,2,79,0
3453,1359,10,1,74,0
3454,1360,11,3,91,0.15
3455,1360,15,2,97,0.15
3456,1361,2,4,62,0.1
3457,1361,9,5,57,0
3458,1362,4,2,28,0
3459,1362,8,2,34,0
3460,1363,4,2,28,0
3461,1363,10,5,74,0
3462,1364,16,4,46,0.05
3463,1364,4,5,28,0
3464,1364,9,5,57,0
3465,1364,10,2,74,0
3466,1365,8,3,34,0.25
3467,1365,10,4,74,0.1
3468,1365,5,2,51,0.15
3469,1365,5,4,51,0.15
3470,1366,2,3,62,0
3471,1367,16,5,46,0
3472,1367,15,2,97,0.1
3473,1367,9,5,57,0
3474,1368,2,2,62,0.1
3475,1369,1,1,45,0
3476,1369,7,2,85,0.05
3477,1370,1,3,45,0.2
3478,1371,1,3,45,0
3479,1371,6,5,68,0
3480,1372,6,4,68,0.15
3481,1372,6,5,68,0.25
3482,1372,7,2,85,0.25
3483,1372,3,5,79,0.1
3484,1373,4,2,28,0.2
3485,1373,4,1,28,0.15
3486,1373,6,2,68,0.15
3487,1373,8,3,34,0.25
3488,1374,1,4,45,0.1
3489,1374,4,1,28,0.1
3490,1374,12,5,40,0
3491,1375,5,4,51,0.1
3492,1376,12,5,40,0.1
3493,1377,12,4,40,0
3494,1377,1,2,45,0.1
3495,1377,13,5,63,0.1
3496,1378,5,3,51,0.1
3497,1379,9,4,57,0
3498,1379,10,2,74,0
3499,1380,14,5,80,0.1
3500,1380,13,4,63,0.1
3501,1380,15,3,97,0.2
3502,1380,10,4,74,0.1
3503,1381,4,4,28,0.1
3504,1381,15,5,97,0.05
3505,1381,4,4,28,0.05
3506,1382,1,5,45,0
3507,1382,13,1,63,0.05
3508,1382,4,1,28,0
3509,1383,10,5,74,0.1
3510,1383,6,3,68,0.2
3511,1383,8,1,34,0.1
3512,1383,10,5,74,0.25
3513,1384,8,1,34,0
3514,1384,15,3,97,0
3515,1384,7,1,85,0.05
3516,1384,13,1,63,0.05
3517,1385,10,1,74,0.05
3518,1385,7,4,85,0.05
3519,1385,2,5,62,0.1
3520,1385,1,1,45,0.1
3521,1386,14,3,80,0
3522,1386,9,3,57,0.05
3523,1387,13,4,63,0.05
3524,1388,6,3,68,0.25
3525,1388,5,1,51,0.2
3526,1388,14,4,80,0.2
3527,1389,4,5,28,0
3528,1389,7,3,85,0.1
3529,1390,13,3,63,0.05
3530,1390,11,3,91,0
3531,1390,11,2,91,0
3532,1390,8,5,34,0
3533,1391,10,3,74,0.15
3534,1391,8,4,34,0.15
3535,1392,8,2,34,0.1
3536,1392,14,3,80,0
3537,1392,11,3,91,0.05
3538,1392,10,2,74,0.05
3539,1393,12,5,40,0
3540,1393,2,3,62,0
3541,1393,2,3,62,0.05
3542,1393,9,4,57,0.1
3543,1394,7,3,85,0.2
3544,1394,10,1,74,0.1
3545,1394,10,5,74,0.15
3546,1395,16,5,46,0
3547,1395,4,5,28,0
3548,1396,6,4,68,0
3549,1396,6,5,68,0
3550,1397,7,1,85,0.05
3551,1397,14,2,80,0.05
3552,1397,11,2,91,0
3553,1397,10,4,74,0.05
3554,1398,16,5,46,0
3555,1398,4,3,28,0.1
3556,1399,16,1,46,0.1
3557,1399,13,2,63,0.1
3558,1399,3,3,79,0
3559,1399,13,2,63,0.05
3560,1400,1,1,45,0.1
3561,1401,8,3,34,0
3562,1402,10,3,74,0
3563,1402,13,3,63,0.05
3564,1402,15,5,97,0.05
3565,1402,12,4,40,0.05
3566,1403,4,5,28,0
3567,1403,3,4,79,0.1
3568,1404,7,5,85,0.1
3569,1404,15,1,97,0.05
3570,1404,10,3,74,0.05
3571,1405,16,2,46,0.1
3572,1405,4,1,28,0
3573,1405,1,2,45,0.05
3574,1405,4,1,28,0
3575,1406,9,3,57,0.1
3576,1407,15,5,97,0
3577,1407,5,5,51,0.1
3578,1407,7,2,85,0.05
3579,1407,11,5,91,0
3580,1408,7,2,85,0.1
3581,1408,4,1,28,0.1
3582,1408,16,3,46,0.2
3583,1409,2,5,62,0.05
3584,1410,2,3,62,0.05
3585,1411,7,4,85,0
3586,1411,16,2,46,0.1
3587,1411,5,4,51,0
3588,1411,12,5,40,0.1
3589,1412,1,3,45,0.05
3590,1413,15,2,97,0.2
3591,1413,13,2,63,0.15
3592,1413,4,1,28,0.2
3593,1414,16,4,46,0
3594,1414,6,5,68,0.1
3595,1415,8,3,34,0.1
3596,1415,9,3,57,0.25
3597,1415,15,3,97,0.2
3598,1416,2,3,62,0
3599,1416,1,2,45,0.1
3600,1416,1,3,45,0
3601,1417,9,3,57,0.05
3602,1418,1,5,45,0.1
3603,1418,2,4,62,0.1
3604,1419,9,5,57,0.1
3605,1419,11,3,91,0
3606,1420,15,2,97,0.1
3607,1420,9,2,57,0
3608,1420,14,5,80,0
3609,1421,2,2,62,0.15
3610,1421,3,5,79,0.15
3611,1421,15,3,97,0.15
3612,1422,1,3,45,0
3613,1422,1,5,45,0
3614,1422,4,3,28,0
3615,1422,14,1,80,0
3616,1423,6,1,68,0.1
3617,1423,6,2,68,0.1
3618,1423,12,4,40,0.15
3619,1424,9,1,57,0
3620,1424,12,2,40,0
3621,1424,5,2,51,0.05
3622,1424,15,1,97,0.1
3623,1425,7,2,85,0.2
3624,1425,16,3,46,0.15
3625,1425,9,2,57,0.25
3626,1425,7,3,85,0.25
3627,1426,1,2,45,0.25
3628,1426,6,1,68,0.1
3629,1426,14,2,80,0.2
3630,1426,1,1,45,0.25
3631,1427,16,2,46,0
3632,1428,7,5,85,0.1
3633,1428,2,4,62,0
3634,1428,4,2,28,0.1
3635,1428,16,1,46,0.1
3636,1429,11,3,91,0.1
3637,1429,16,1,46,0
3638,1429,3,4,79,0
3639,1430,5,2,51,0.05
3640,1431,3,4,79,0
3641,1431,6,2,68,0.05
3642,1432,9,3,57,0.1
3643,1433,1,2,45,0.25
3644,1433,12,3,40,0.15
3645,1433,16,4,46,0.25
3646,1433,10,5,74,0.15
3647,1434,12,1,40,0.1
3648,1434,4,3,28,0
3649,1434,14,5,80,0.1
3650,1435,9,4,57,0.1
3651,1435,14,2,80,0
3652,1435,2,1,62,0.05
3653,1435,9,1,57,0
3654,1436,16,3,46,0
3655,1437,7,4,85,0
3656,1437,11,2,91,0.05
3657,1437,14,3,80,0.1
3658,1437,2,5,62,0
3659,1438,6,2,68,0.15
3660,1438,6,2,68,0.15
3661,1438,12,3,40,0.15
3662,1438,1,1,45,0.1
3663,1439,13,4,63,0.1
3664,1439,1,5,45,0.1
3665,1439,13,1,63,0.1
3666,1440,16,2,46,0.1
3667,1440,15,5,97,0
3668,1441,14,4,80,0.05
3669,1442,8,2,34,0.1
3670,1442,4,2,28,0.1
3671,1442,4,5,28,0
3672,1443,5,5,51,0.05
3673,1443,1,2,45,0.05
3674,1443,1,1,45,0.05
3675,1444,1,4,45,0.05
3676,1444,9,3,57,0.05
3677,1444,14,4,80,0
3678,1444,4,1,28,0
3679,1445,5,2,51,0
3680,1446,5,1,51,0.05
3681,1446,3,4,79,0.05
3682,1446,5,4,51,0
3683,1446,12,2,40,0.1
3684,1447,1,3,45,0
3685,1448,11,1,91,0
3686,1448,3,2,79,0.05
3687,1449,4,1,28,0
3688,1449,6,2,68,0
3689,1449,14,1,80,0
3690,1449,8,5,34,0
3691,1450,7,2,85,0.1
3692,1450,3,2,79,0
3693,1451,1,4,45,0.1
3694,1451,11,2,91,0.05
3695,1451,2,3,62,0
3696,1452,13,1,63,0.1
3697,1452,1,3,45,0.15
3698,1452,10,4,74,0.2
3699,1453,6,2,68,0.1
3700,1453,5,4,51,0.25
3701,1453,1,5,45,0.25
3702,1453,13,3,63,0.15
3703,1454,14,5,80,0.1
3704,1454,9,5,57,0.05
3705,1454,3,2,79,0
3706,1454,12,1,40,0
3707,1455,16,3,46,0
3708,1455,11,3,91,0
3709,1455,10,4,74,0.1
3710,1456,14,3,80,0.05
3711,1456,9,5,57,0
3712,1456,3,1,79,0
3713,1457,5,4,51,0.1
3714,1458,11,5,91,0.15
3715,1458,9,5,57,0.1
3716,1459,12,1,40,0.1
3717,1460,7,3,85,0
3718,1460,6,2,68,0
3719,1460,13,1,63,0.05
3720,1461,16,2,46,0.25
3721,1461,2,2,62,0.1
3722,1462,2,1,62,0
3723,1462,2,1,62,0
3724,1462,16,1,46,0
3725,1462,16,1,46,0.1
3726,1463,13,2,63,0.1
3727,1464,15,5,97,0.05
3728,1464,1,1,45,0
3729,1464,15,3,97,0
3730,1465,16,2,46,0.1
3731,1466,2,2,62,0.1
3732,1466,14,1,80,0.1
3733,1466,16,2,46,0
3734,1466,13,3,63,0.1
3735,1467,11,2,91,0
3736,1467,14,5,80,0
3737,1467,1,2,45,0.05
3738,1467,12,3,40,0.1
3739,1468,10,2,74,0
3740,1468,13,2,63,0
3741,1468,4,4,28,0
3742,1469,12,4,40,0.25
3743,1469,1,4,45,0.2
3744,1469,4,2,28,0.15
3745,1469,2,1,62,0.2
3746,1470,1,2,45,0.2
3747,1470,9,2,57,0.15
3748,1470,4,5,28,0.15
3749,1470,10,5,74,0.15
3750,1471,1,3,45,0.1
3751,1472,16,3,46,0.1
3752,1472,13,2,63,0
3753,1472,11,2,91,0.05
3754,1472,3,1,79,0.05
3755,1473,16,5,46,0.1
3756,1473,8,5,34,0.2
3757,1474,15,4,97,0.05
3758,1475,16,5,46,0
3759,1475,9,2,57,0.1
3760,1475,2,5,62,0.1
3761,1476,10,4,74,0.2
3762,1476,15,4,97,0.1
3763,1476,15,1,97,0.25
3764,1477,9,4,57,0.25
3765,1477,2,2,62,0.25
3766,1477,8,5,34,0.15
3767,1477,10,1,74,0.2
3768,1478,6,3,68,0.05
3769,1478,13,5,63,0.1
3770,1479,2,4,62,0.25
3771,1479,1,4,45,0.15
3772,1479,3,2,79,0.15
3773,1480,12,5,40,0.15
3774,1480,14,5,80,0.1
3775,1481,8,2,34,0
3776,1481,12,2,40,0.05
3777,1481,7,5,85,0.1
3778,1481,11,5,91,0.1
3779,1482,7,3,85,0.1
3780,1482,16,5,46,0.1
3781,1482,11,3,91,0.05
3782,1483,8,5,34,0.05
3783,1484,5,4,51,0
3784,1484,6,2,68,0
3785,1484,4,1,28,0.1
3786,1484,16,4,46,0
3787,1485,10,2,74,0.05
3788,1486,1,2,45,0
3789,1486,6,4,68,0
3790,1486,9,2,57,0.1
3791,1486,3,1,79,0.1
3792,1487,7,1,85,0.1
3793,1488,11,1,91,0.2
3794,1489,6,3,68,0.05
3795,1489,8,1,34,0.1
3796,1489,9,4,57,0.1
3797,1489,1,5,45,0
3798,1490,9,1,57,0
3799,1490,11,1,91,0
3800,1490,8,2,34,0.1
3801,1491,6,5,68,0.25
3802,1492,2,2,62,0.1
3803,1492,15,4,97,0.05
3804,1492,15,2,97,0.05
3805,1492,7,5,85,0.1
3806,1493,14,3,80,0
3807,1494,1,2,45,0.1
3808,1494,4,5,28,0.1
3809,1494,3,3,79,0.15
3810,1494,9,3,57,0.15
3811,1495,7,2,85,0
3812,1495,8,3,34,0
3813,1496,12,1,40,0
3814,1496,8,3,34,0.05
3815,1496,2,2,62,0.1
3816,1497,7,2,85,0
3817,1497,10,2,74,0.1
3818,1498,12,5,40,0.1
3819,1499,15,3,97,0.1
3820,1500,8,4,34,0.1
3821,1500,16,4,46,0.05
3822,1501,13,2,63,0.05
3823,1502,4,5,28,0
3824,1502,15,1,97,0
3825,1502,12,2,40,0.1
3826,1503,9,4,57,0
3827,1503,5,1,51,0.1
3828,1503,8,1,34,0
3829,1503,6,5,68,0.05
3830,1504,6,1,68,0
3831,1504,8,3,34,0.05
3832,1505,10,2,74,0
3833,1506,5,3,51,0.15
3834,1506,9,2,57,0.1
3835,1506,8,3,34,0.1
3836,1506,1,3,45,0.25
3837,1507,7,2,85,0.25
3838,1507,12,5,40,0.15
3839,1508,11,5,91,0.05
3840,1509,11,4,91,0.1
3841,1509,9,4,57,0.1
3842,1510,12,1,40,0.1
3843,1510,6,2,68,0
3844,1510,1,1,45,0
3845,1511,15,2,97,0.15
3846,1511,9,2,57,0.1
3847,1511,6,2,68,0.2
3848,1512,14,4,80,0
3849,1513,13,1,63,0.2
3850,1513,2,5,62,0.25
3851,1513,3,4,79,0.1
3852,1513,3,5,79,0.15
3853,1514,5,2,51,0.05
3854,1514,3,1,79,0
3855,1515,1,5,45,0
3856,1515,2,3,62,0.1
3857,1515,4,4,28,0
3858,1515,14,2,80,0.1
3859,1516,8,4,34,0
3860,1516,14,1,80,0.1
3861,1516,5,2,51,0
3862,1517,1,5,45,0.05
3863,1518,7,1,85,0.1
3864,1518,10,1,74,0
3865,1519,12,4,40,0.1
3866,1519,7,3,85,0.15
3867,1519,2,3,62,0.1
3868,1519,11,1,91,0.1
3869,1520,6,3,68,0.1
3870,1520,10,5,74,0.25
3871,1521,6,2,68,0.05
3872,1521,11,2,91,0.1
3873,1521,15,5,97,0
3874,1521,10,5,74,0.05
3875,1522,14,5,80,0.2
3876,1522,6,2,68,0.2
3877,1523,8,5,34,0.05
3878,1523,11,4,91,0.05
3879,1523,13,3,63,0
3880,1524,8,4,34,0
3881,1525,14,1,80,0.15
3882,1525,9,3,57,0.25
3883,1525,15,3,97,0.2
3884,1525,15,2,97,0.15
3885,1526,3,5,79,0.05
3886,1526,2,1,62,0
3887,1526,6,5,68,0
3888,1527,1,3,45,0
3889,1527,14,1,80,0.05
3890,1527,8,2,34,0.1
3891,1527,14,5,80,0
3892,1528,7,1,85,0.25
3893,1528,4,5,28,0.15
3894,1528,14,4,80,0.2
3895,1528,1,5,45,0.25
3896,1529,13,4,63,0
3897,1530,16,4,46,0
3898,1530,11,3,91,0
3899,1531,4,4,28,0
3900,1531,14,1,80,0.1
3901,1532,7,2,85,0.1
3902,1532,6,5,68,0.25
3903,1532,6,5,68,0.15
3904,1532,5,4,51,0.15
3905,1533,1,5,45,0.1
3906,1533,10,5,74,0.05
3907,1533,10,2,74,0
3908,1533,8,1,34,0
3909,1534,4,3,28,0.05
3910,1535,6,1,68,0.25
3911,1535,12,3,40,0.2
3912,1535,9,2,57,0.15
3913,1535,3,4,79,0.25
3914,1536,9,2,57,0
3915,1536,2,1,62,0.1
3916,1536,9,5,57,0
3917,1536,3,3,79,0
3918,1537,16,1,46,0.25
3919,1538,1,5,45,0
3920,1538,3,4,79,0
3921,1539,10,3,74,0.05
3922,1539,1,1,45,0.1
3923,1540,9,1,57,0
3924,1540,1,4,45,0
3925,1540,13,1,63,0
3926,1540,13,4,63,0
3927,1541,2,2,62,0.1
3928,1541,9,3,57,0.05
3929,1541,13,2,63,0.05
3930,1541,16,1,46,0
3931,1542,10,2,74,0.05
3932,1542,1,5,45,0
3933,1543,8,1,34,0
3934,1543,9,5,57,0.1
3935,1543,2,2,62,0.1
3936,1544,8,4,34,0.15
3937,1544,10,1,74,0.2
3938,1544,14,3,80,0.25
3939,1545,13,3,63,0
3940,1545,15,4,97,0
3941,1546,5,2,51,0
3942,1546,2,4,62,0.1
3943,1546,14,3,80,0
3944,1546,10,5,74,0.1
3945,1547,9,2,57,0.1
3946,1548,1,4,45,0.25
3947,1548,15,5,97,0.15
3948,1549,8,2,34,0.05
3949,1549,16,4,46,0.1
3950,1550,14,1,80,0.1
3951,1550,6,1,68,0.15
3952,1550,7,5,85,0.1
3953,1551,1,1,45,0.05
3954,1552,3,3,79,0.1
3955,1552,3,2,79,0.1
3956,1553,5,1,51,0.1
3957,1553,13,3,63,0
3958,1553,5,3,51,0
3959,1553,5,1,51,0
3960,1554,14,4,80,0
3961,1554,9,5,57,0.1
3962,1554,12,4,40,0
3963,1554,3,4,79,0.05
3964,1555,14,1,80,0.1
3965,1555,16,2,46,0.05
3966,1555,1,3,45,0
3967,1555,10,4,74,0.05
3968,1556,11,4,91,0
3969,1556,7,2,85,0
3970,1556,12,1,40,0
3971,1556,6,1,68,0
3972,1557,7,2,85,0.1
3973,1557,10,2,74,0.05
3974,1557,10,3,74,0.1
3975,1557,1,3,45,0.1
3976,1558,5,2,51,0.1
3977,1558,1,4,45,0.2
3978,1558,3,4,79,0.2
3979,1558,8,2,34,0.1
3980,1559,3,5,79,0.1
3981,1560,11,4,91,0.05
3982,1561,4,4,28,0.25
3983,1561,1,1,45,0.1
3984,1562,10,1,74,0.05
3985,1562,8,5,34,0
3986,1562,1,2,45,0.1
3987,1563,8,5,34,0.05
3988,1564,15,5,97,0.15
3989,1565,3,4,79,0.05
3990,1565,7,2,85,0
3991,1565,14,2,80,0
3992,1566,9,1,57,0
3993,1566,14,4,80,0
3994,1566,16,1,46,0
3995,1567,10,2,74,0
3996,1568,11,5,91,0
3997,1568,13,2,63,0
3998,1568,4,5,28,0.1
3999,1569,1,4,45,0.1
4000,1569,12,3,40,0.05
4001,1569,2,5,62,0
4002,1569,7,1,85,0.1
4003,1570,11,2,91,0.05
4004,1571,5,4,51,0.15
4005,1571,13,1,63,0.15
4006,1571,5,4,51,0.2
4007,1571,15,1,97,0.25
4008,1572,13,2,63,0
4009,1573,12,1,40,0
4010,1574,9,1,57,0
4011,1574,4,2,28,0
4012,1574,8,1,34,0
4013,1574,1,5,45,0.05
4014,1575,15,5,97,0.05
4015,1575,4,5,28,0
4016,1575,2,1,62,0.1
4017,1576,10,3,74,0.2
4018,1576,5,1,51,0.2
4019,1576,10,3,74,0.15
4020,1576,4,5,28,0.1
4021,1577,7,3,85,0.2
4022,1577,13,2,63,0.2
4023,1577,16,5,46,0.1
4024,1578,14,1,80,0.15
4025,1578,14,1,80,0.1
4026,1579,1,2,45,0
4027,1579,3,3,79,0.05
4028,1579,1,1,45,0.1
4029,1579,3,4,79,0.1
4030,1580,15,5,97,0
4031,1580,6,3,68,0.05
4032,1580,8,5,34,0.05
4033,1581,9,3,57,0
4034,1581,2,3,62,0.1
4035,1581,3,5,79,0.1
4036,1581,10,4,74,0
4037,1582,7,3,85,0.2
4038,1582,15,4,97,0.2
4039,1583,16,4,46,0
4040,1583,8,1,34,0
4041,1584,14,4,80,0
4042,1584,5,5,51,0.1
4043,1584,5,2,51,0.1
4044,1585,11,2,91,0
4045,1585,15,4,97,0
4046,1586,8,5,34,0.15
4047,1586,8,2,34,0.1
4048,1587,8,2,34,0.05
4049,1587,7,3,85,0.1
4050,1588,16,3,46,0.05
4051,1589,5,4,51,0
4052,1589,15,3,97,0.1
4053,1589,3,2,79,0
4054,1590,10,2,74,0
4055,1590,6,4,68,0
4056,1590,16,4,46,0.1
4057,1590,7,1,85,0.1
4058,1591,16,1,46,0.1
4059,1591,8,4,34,0
4060,1591,11,2,91,0.05
4061,1592,2,2,62,0.1
4062,1592,14,4,80,0.05
4063,1592,14,4,80,0.1
4064,1593,1,1,45,0
4065,1593,7,5,85,0.05
4066,1594,14,1,80,0.25
4067,1594,16,5,46,0.1
4068,1594,7,5,85,0.2
4069,1595,2,5,62,0.05
4070,1595,1,3,45,0
4071,1595,14,4,80,0.05
4072,1595,5,2,51,0.05
4073,1596,3,1,79,0.05
4074,1596,11,2,91,0.05
4075,1597,5,2,51,0.25
4076,1597,6,3,68,0.25
4077,1598,5,2,51,0.25
4078,1598,10,1,74,0.1
4079,1599,12,4,40,0.05
4080,1599,9,4,57,0
4081,1599,11,5,91,0.1
4082,1600,7,5,85,0
4083,1600,15,2,97,0
4084,1600,4,1,28,0
4085,1600,5,4,51,0
4086,1601,11,3,91,0.05
4087,1601,14,3,80,0.05
4088,1601,13,3,63,0.05
4089,1601,12,4,40,0.05
4090,1602,2,4,62,0.2
4091,1603,10,1,74,0.1
4092,1603,12,3,40,0.1
4093,1604,3,5,79,0.1
4094,1604,1,2,45,0
4095,1604,14,5,80,0.1
4096,1605,1,2,45,0.1
4097,1605,10,3,74,0
4098,1605,14,1,80,0
4099,1605,11,1,91,0
4100,1606,14,1,80,0.1
4101,1607,11,2,91,0.1
4102,1607,13,5,63,0.1
4103,1607,2,4,62,0.2
4104,1608,10,5,74,0.2
4105,1608,8,5,34,0.1
4106,1608,2,2,62,0.1
4107,1608,9,3,57,0.1
4108,1609,11,5,91,0.05
4109,1609,1,4,45,0
4110,1610,15,4,97,0.1
4111,1611,4,3,28,0.25
4112,1611,6,2,68,0.15
4113,1611,11,5,91,0.2
4114,1612,12,5,40,0.1
4115,1613,16,3,46,0
4116,1613,15,2,97,0
4117,1613,6,5,68,0
4118,1613,3,3,79,0
4119,1614,10,2,74,0.1
4120,1614,11,5,91,0.05
4121,1615,8,2,34,0.1
4122,1615,8,4,34,0
4123,1616,16,5,46,0
4124,1616,14,3,80,0.05
4125,1617,15,4,97,0.2
4126,1617,15,4,97,0.2
4127,1617,3,5,79,0.25
4128,1618,3,3,79,0.1
4129,1618,10,3,74,0.15
4130,1618,7,5,85,0.25
4131,1619,16,4,46,0
4132,1620,4,5,28,0.2
4133,1620,4,2,28,0.1
4134,1621,2,1,62,0.25
4135,1621,8,4,34,0.15
4136,1621,8,2,34,0.25
4137,1621,15,1,97,0.2
4138,1622,8,2,34,0.2
4139,1622,1,4,45,0.15
4140,1622,6,2,68,0.2
4141,1622,2,3,62,0.1
4142,1623,9,3,57,0.05
4143,1623,7,1,85,0
4144,1624,4,2,28,0
4145,1625,13,5,63,0.1
4146,1625,13,5,63,0
4147,1626,15,5,97,0.15
4148,1626,10,3,74,0.25
4149,1626,9,4,57,0.2
4150,1626,14,3,80,0.1
4151,1627,7,4,85,0
4152,1627,12,5,40,0.1
4153,1627,6,5,68,0
4154,1627,8,1,34,0.1
4155,1628,3,3,79,0.05
4156,1628,10,2,74,0
4157,1629,3,5,79,0.05
4158,1629,9,5,57,0
4159,1629,13,1,63,0.1
4160,1630,16,3,46,0.1
4161,1630,4,3,28,0.05
4162,1630,3,4,79,0.05
4163,1630,4,4,28,0
4164,1631,3,5,79,0
4165,1631,3,3,79,0
4166,1632,13,1,63,0.05
4167,1632,7,4,85,0.1
4168,1632,5,5,51,0
4169,1632,10,2,74,0
4170,1633,12,1,40,0.1
4171,1633,6,1,68,0
4172,1633,15,4,97,0
4173,1633,13,4,63,0.1
4174,1634,13,2,63,0.05
4175,1634,2,2,62,0
4176,1634,8,3,34,0
4177,1635,8,4,34,0.1
4178,1635,1,1,45,0.1
4179,1635,3,3,79,0
4180,1635,9,4,57,0
4181,1636,8,3,34,0
4182,1636,13,3,63,0.1
4183,1637,2,1,62,0.1
4184,1637,5,4,51,0
4185,1637,12,4,40,0.05
4186,1637,6,2,68,0.1
4187,1638,10,5,74,0.1
4188,1639,11,1,91,0
4189,1639,9,3,57,0.05
4190,1639,13,4,63,0
4191,1640,16,2,46,0
4192,1640,12,3,40,0.1
4193,1640,3,3,79,0.1
4194,1641,4,3,28,0.1
4195,1642,7,1,85,0.1
4196,1642,11,3,91,0.25
4197,1642,14,4,80,0.15
4198,1643,4,5,28,0.1
4199,1644,11,1,91,0
4200,1645,6,1,68,0.25
4201,1645,3,5,79,0.1
4202,1645,13,5,63,0.25
4203,1645,11,4,91,0.25
4204,1646,7,2,85,0
4205,1646,9,2,57,0
4206,1646,7,1,85,0
4207,1646,14,3,80,0.05
4208,1647,6,3,68,0
4209,1647,5,1,51,0.1
4210,1648,9,3,57,0
4211,1649,5,2,51,0
4212,1649,2,3,62,0
4213,1650,2,3,62,0.1
4214,1650,1,1,45,0
4215,1651,10,2,74,0
4216,1651,7,2,85,0
4217,1651,13,1,63,0
4218,1652,10,3,74,0
4219,1652,6,5,68,0.1
4220,1652,10,5,74,0.1
4221,1652,1,2,45,0.05
4222,1653,6,1,68,0.15
4223,1653,15,4,97,0.2
4224,1653,12,2,40,0.15
4225,1654,13,4,63,0.05
4226,1654,3,3,79,0.1
4227,1655,2,5,62,0.25
4228,1655,9,4,57,0.15
4229,1656,9,4,57,0.1
4230,1656,8,3,34,0
4231,1656,14,2,80,0.05
4232,1656,5,3,51,0
4233,1657,10,1,74,0.25
4234,1657,8,3,34,0.15
4235,1658,14,2,80,0
4236,1658,4,4,28,0
4237,1658,16,5,46,0
4238,1659,8,5,34,0
4239,1659,7,4,85,0
4240,1659,16,2,46,0.1
4241,1660,4,3,28,0.1
4242,1661,9,5,57,0
4243,1661,7,5,85,0.05
4244,1661,15,4,97,0
4245,1661,9,2,57,0
4246,1662,7,2,85,0
4247,1662,10,1,74,0
4248,1662,9,5,57,0
4249,1662,4,2,28,0.1
4250,1663,3,5,79,0.25
4251,1663,1,4,45,0.15
4252,1663,4,1,28,0.25
4253,1663,12,5,40,0.1
4254,1664,2,1,62,0
4255,1664,9,3,57,0
4256,1664,14,4,80,0
4257,1665,10,1,74,0.05
4258,1666,3,3,79,0.1
4259,1667,1,1,45,0.05
4260,1668,14,4,80,0
4261,1668,2,1,62,0
4262,1669,9,5,57,0.05
4263,1669,9,2,57,0
4264,1670,16,5,46,0
4265,1671,2,1,62,0.05
4266,1671,4,1,28,0.1
4267,1671,5,1,51,0.05
4268,1671,1,2,45,0.05
4269,1672,10,1,74,0
4270,1673,3,5,79,0
4271,1673,16,5,46,0.05
4272,1673,10,4,74,0
4273,1673,8,5,34,0
4274,1674,13,1,63,0.15
4275,1675,2,1,62,0
4276,1675,11,2,91,0.05
4277,1675,3,4,79,0.05
4278,1676,16,3,46,0
4279,1676,3,4,79,0.05
4280,1677,8,1,34,0
4281,1677,11,4,91,0.1
4282,1677,13,2,63,0.05
4283,1678,15,1,97,0.1
4284,1678,13,2,63,0.05
4285,1679,16,1,46,0
4286,1680,1,4,45,0.1
4287,1680,9,1,57,0.1
4288,1681,14,4,80,0
4289,1682,1,4,45,0.1
4290,1682,4,1,28,0.05
4291,1683,5,2,51,0
4292,1683,10,1,74,0.05
4293,1684,10,1,74,0
4294,1684,2,5,62,0.05
4295,1684,4,2,28,0.05
4296,1685,12,1,40,0.05
4297,1685,15,2,97,0
4298,1686,14,3,80,0
4299,1687,15,5,97,0
4300,1688,10,3,74,0
4301,1689,4,3,28,0.05
4302,1689,14,4,80,0.05
4303,1690,3,5,79,0
4304,1690,1,2,45,0.1
4305,1691,8,5,34,0.1
4306,1692,1,3,45,0.05
4307,1692,12,4,40,0.05
4308,1692,10,1,74,0.05
4309,1692,1,4,45,0.1
4310,1693,5,5,51,0.1
4311,1693,11,4,91,0.1
4312,1693,15,3,97,0.05
4313,1694,5,4,51,0.1
4314,1694,8,4,34,0
4315,1694,2,2,62,0.05
4316,1695,16,4,46,0
4317,1695,13,3,63,0.05
4318,1696,1,5,45,0.15
4319,1696,5,3,51,0.15
4320,1696,1,1,45,0.1
4321,1697,11,2,91,0.1
4322,1697,11,5,91,0.05
4323,1697,10,5,74,0
4324,1698,1,2,45,0.15
4325,1698,2,2,62,0.15
4326,1698,11,5,91,0.2
4327,1698,8,1,34,0.15
4328,1699,5,5,51,0.1
4329,1700,16,3,46,0
4330,1701,14,4,80,0
4331,1702,13,4,63,0
4332,1702,1,4,45,0
4333,1703,4,2,28,0
4334,1703,10,5,74,0.05
4335,1704,4,5,28,0
4336,1705,16,5,46,0.1
4337,1705,2,1,62,0
4338,1706,14,1,80,0.1
4339,1706,11,4,91,0.05
4340,1706,3,5,79,0.05
4341,1707,5,2,51,0
4342,1707,12,2,40,0
4343,1707,3,4,79,0.1
4344,1707,3,3,79,0.05
4345,1708,15,1,97,0.2
4346,1708,12,2,40,0.1
4347,1709,11,1,91,0.15
4348,1709,14,1,80,0.1
4349,1709,6,5,68,0.2
4350,1709,2,4,62,0.1
4351,1710,13,4,63,0.1
4352,1711,7,4,85,0
4353,1711,5,1,51,0
4354,1712,14,2,80,0.1
4355,1712,10,2,74,0.05
4356,1712,2,1,62,0
4357,1713,8,1,34,0
4358,1713,14,3,80,0.1
4359,1714,4,4,28,0
4360,1714,16,4,46,0.05
4361,1714,11,2,91,0
4362,1715,6,4,68,0.1
4363,1715,14,4,80,0
4364,1715,12,1,40,0
4365,1716,8,4,34,0.05
4366,1716,11,4,91,0.1
4367,1717,14,2,80,0
4368,1717,10,3,74,0
4369,1717,11,1,91,0.1
4370,1718,4,2,28,0.25
4371,1718,15,4,97,0.15
4372,1718,8,3,34,0.25
4373,1719,5,1,51,0
4374,1719,10,4,74,0.05
4375,1719,6,2,68,0
4376,1720,10,3,74,0.25
4377,1721,2,4,62,0
4378,1721,5,1,51,0.05
4379,1721,5,2,51,0
4380,1722,11,1,91,0.1
4381,1722,15,1,97,0.1
4382,1722,8,2,34,0.1
4383,1723,1,1,45,0.05
4384,1723,9,2,57,0.1
4385,1724,14,4,80,0.1
4386,1724,13,4,63,0
4387,1725,9,5,57,0.25
4388,1725,5,1,51,0.25
4389,1725,2,1,62,0.15
4390,1726,7,3,85,0
4391,1727,10,4,74,0
4392,1727,2,5,62,0
4393,1727,2,3,62,0.05
4394,1728,8,1,34,0.05
4395,1728,11,1,91,0
4396,1728,7,5,85,0
4397,1729,11,3,91,0
4398,1729,1,1,45,0.1
4399,1729,11,4,91,0.05
4400,1729,16,4,46,0.05
4401,1730,13,5,63,0
4402,1731,12,5,40,0.1
4403,1732,13,4,63,0.15
4404,1732,6,4,68,0.25
4405,1732,11,1,91,0.15
4406,1732,9,3,57,0.2
4407,1733,8,3,34,0.15
4408,1733,6,3,68,0.25
4409,1733,5,1,51,0.25
4410,1734,9,4,57,0.1
4411,1734,7,1,85,0
4412,1734,6,4,68,0
4413,1735,9,3,57,0.2
4414,1735,2,2,62,0.15
4415,1736,8,1,34,0.1
4416,1737,5,1,51,0.1
4417,1737,8,5,34,0
4418,1737,16,4,46,0.1
4419,1737,4,1,28,0.05
4420,1738,13,2,63,0
4421,1738,2,1,62,0.1
4422,1738,5,1,51,0
4423,1738,9,2,57,0
4424,1739,12,4,40,0.1
4425,1740,4,5,28,0.1
4426,1740,12,5,40,0.1
4427,1740,13,4,63,0.1
4428,1740,2,5,62,0.1
4429,1741,1,1,45,0.05
4430,1741,10,2,74,0.1
4431,1741,12,2,40,0.1
4432,1742,3,3,79,0
4433,1743,10,4,74,0
4434,1743,4,3,28,0.1
4435,1743,4,1,28,0.05
4436,1744,5,4,51,0
4437,1744,12,5,40,0
4438,1744,15,3,97,0.1
4439,1744,7,2,85,0.05
4440,1745,6,1,68,0.05
4441,1746,13,2,63,0.25
4442,1746,8,2,34,0.15
4443,1746,16,2,46,0.25
4444,1747,9,5,57,0
4445,1747,16,2,46,0.05
4446,1747,13,1,63,0
4447,1748,3,5,79,0.2
4448,1748,5,4,51,0.25
4449,1748,7,1,85,0.15
4450,1749,13,5,63,0.1
4451,1749,2,1,62,0.1
4452,1750,4,1,28,0.05
4453,1750,2,2,62,0
4454,1750,9,1,57,0.05
4455,1750,6,5,68,0
4456,1751,15,4,97,0.1
4457,1751,14,4,80,0
4458,1752,5,2,51,0.1
4459,1753,15,3,97,0.1
4460,1753,12,2,40,0
4461,1753,3,1,79,0.05
4462,1754,1,5,45,0.1
4463,1754,7,5,85,0.1
4464,1755,10,2,74,0.1
4465,1756,13,4,63,0.1
4466,1757,13,2,63,0
4467,1757,8,4,34,0.05
4468,1757,13,2,63,0
4469,1757,14,4,80,0.1
4470,1758,15,4,97,0
4471,1758,11,2,91,0
4472,1759,11,5,91,0
4473,1759,16,4,46,0
4474,1760,7,5,85,0.1
4475,1761,4,4,28,0
4476,1761,13,3,63,0.1
4477,1761,7,5,85,0
4478,1762,13,3,63,0
4479,1762,15,1,97,0
4480,1762,10,5,74,0.1
4481,1763,15,5,97,0.1
4482,1763,15,1,97,0
4483,1764,4,1,28,0
4484,1765,2,4,62,0.05
4485,1765,1,4,45,0.05
4486,1765,6,2,68,0
4487,1765,14,5,80,0
4488,1766,1,4,45,0
4489,1767,5,3,51,0.2
4490,1767,10,1,74,0.25
4491,1767,3,3,79,0.25
4492,1767,12,4,40,0.2
4493,1768,12,2,40,0.05
4494,1768,3,3,79,0.1
4495,1768,14,3,80,0
4496,1769,8,3,34,0.1
4497,1769,14,4,80,0
4498,1769,13,3,63,0.05
4499,1770,16,3,46,0.1
4500,1770,8,2,34,0.1
4501,1770,7,3,85,0.05
4502,1770,14,5,80,0.05
4503,1771,11,1,91,0.05
4504,1771,2,5,62,0
4505,1771,13,4,63,0
4506,1772,9,2,57,0
4507,1772,15,4,97,0
4508,1773,9,3,57,0.15
4509,1773,1,1,45,0.15
4510,1773,12,1,40,0.1
4511,1774,6,5,68,0
4512,1775,15,5,97,0.05
4513,1775,8,2,34,0.1
4514,1776,4,2,28,0
4515,1777,13,3,63,0
4516,1777,9,2,57,0.1
4517,1778,4,1,28,0.25
4518,1778,7,5,85,0.2
4519,1778,3,3,79,0.1
4520,1779,4,1,28,0.1
4521,1779,10,3,74,0.05
4522,1779,8,4,34,0
4523,1780,4,4,28,0.15
4524,1780,9,4,57,0.15
4525,1781,14,2,80,0.1
4526,1781,4,2,28,0.1
4527,1781,15,4,97,0
4528,1782,8,1,34,0
4529,1782,11,1,91,0.1
4530,1782,2,3,62,0.05
4531,1782,5,2,51,0.1
4532,1783,9,2,57,0
4533,1783,12,1,40,0.05
4534,1784,13,3,63,0.05
4535,1784,5,5,51,0
4536,1785,5,4,51,0.05
4537,1785,15,4,97,0.1
4538,1785,3,1,79,0.05
4539,1786,7,1,85,0
4540,1786,8,4,34,0.05
4541,1786,3,1,79,0
4542,1787,11,1,91,0.15
4543,1788,13,3,63,0
4544,1788,7,2,85,0
4545,1789,2,5,62,0.1
4546,1790,13,5,63,0
4547,1790,15,2,97,0.1
4548,1791,12,2,40,0.25
4549,1792,2,3,62,0.05
4550,1792,1,2,45,0
4551,1793,16,5,46,0.15
4552,1793,10,3,74,0.15
4553,1794,2,2,62,0.2
4554,1794,15,3,97,0.1
4555,1794,5,2,51,0.1
4556,1794,8,5,34,0.25
4557,1795,4,2,28,0
4558,1795,2,1,62,0.05
4559,1795,1,1,45,0
4560,1796,6,1,68,0
4561,1796,3,4,79,0
4562,1797,8,5,34,0.25
4563,1798,10,4,74,0.25
4564,1798,2,1,62,0.15
4565,1798,4,1,28,0.1
4566,1798,14,2,80,0.2
4567,1799,4,2,28,0
4568,1799,12,1,40,0
4569,1799,3,5,79,0.05
4570,1800,14,5,80,0.1
4571,1800,13,3,63,0.05
4572,1800,4,5,28,0
4573,1801,15,1,97,0.15
4574,1801,8,5,34,0.25
4575,1801,13,4,63,0.15
4576,1801,12,3,40,0.15
4577,1802,10,1,74,0
4578,1802,7,3,85,0.1
4579,1802,10,3,74,0.1
4580,1802,6,4,68,0.1
4581,1803,3,4,79,0.1
4582,1804,12,2,40,0.05
4583,1805,7,4,85,0.05
4584,1805,9,4,57,0.05
4585,1805,13,5,63,0.1
4586,1805,7,4,85,0
4587,1806,3,3,79,0
4588,1806,5,5,51,0
4589,1807,11,5,91,0
4590,1807,2,3,62,0
4591,1807,5,5,51,0
4592,1807,15,2,97,0
4593,1808,1,1,45,0
4594,1808,13,1,63,0.1
4595,1809,16,3,46,0.1
4596,1809,5,1,51,0.1
4597,1809,14,3,80,0.2
4598,1810,1,4,45,0
4599,1811,4,4,28,0
4600,1811,6,5,68,0.1
4601,1812,6,4,68,0
4602,1812,10,5,74,0.1
4603,1812,3,1,79,0
4604,1812,2,4,62,0
4605,1813,16,1,46,0.1
4606,1814,4,4,28,0
4607,1814,7,4,85,0
4608,1815,9,5,57,0
4609,1815,2,3,62,0
4610,1815,6,5,68,0.05
4611,1816,8,3,34,0.1
4612,1816,8,5,34,0
4613,1816,9,2,57,0
4614,1817,6,3,68,0.2
4615,1818,6,2,68,0.1
4616,1819,12,3,40,0.15
4617,1819,9,3,57,0.1
4618,1819,7,1,85,0.1
4619,1820,2,5,62,0.2
4620,1820,15,2,97,0.1
4621,1820,6,1,68,0.25
4622,1821,14,4,80,0
4623,1822,7,4,85,0.1
4624,1822,8,3,34,0
4625,1822,6,3,68,0
4626,1822,6,3,68,0
4627,1823,14,2,80,0
4628,1824,4,5,28,0.2
4629,1825,5,1,51,0
4630,1825,8,3,34,0
4631,1825,10,4,74,0.1
4632,1826,3,3,79,0.1
4633,1826,1,5,45,0.05
4634,1826,16,3,46,0
4635,1826,3,2,79,0.1
4636,1827,10,3,74,0
4637,1827,2,5,62,0
4638,1828,1,2,45,0.05
4639,1829,2,2,62,0
4640,1829,13,4,63,0.1
4641,1830,8,5,34,0.1
4642,1830,9,1,57,0
4643,1831,8,3,34,0
4644,1832,14,2,80,0
4645,1832,7,2,85,0.05
4646,1832,8,2,34,0.05
4647,1832,12,1,40,0.1
4648,1833,12,3,40,0
4649,1833,6,4,68,0
4650,1833,11,1,91,0.1
4651,1833,11,1,91,0.05
4652,1834,1,2,45,0.1
4653,1834,14,3,80,0.05
4654,1834,4,4,28,0.1
4655,1834,9,4,57,0
4656,1835,9,2,57,0.1
4657,1835,9,3,57,0.1
4658,1835,14,4,80,0.1
4659,1836,4,4,28,0
4660,1836,14,5,80,0
4661,1836,9,5,57,0.1
4662,1836,3,1,79,0
4663,1837,4,3,28,0.1
4664,1837,12,4,40,0.1
4665,1837,1,3,45,0
4666,1837,14,1,80,0
4667,1838,7,3,85,0
4668,1838,12,5,40,0.1
4669,1839,1,3,45,0.1
4670,1839,8,4,34,0.05
4671,1839,5,3,51,0
4672,1840,11,4,91,0.2
4673,1840,5,3,51,0.15
4674,1841,13,3,63,0.25
4675,1841,8,5,34,0.15
4676,1842,13,2,63,0.2
4677,1843,5,4,51,0.1
4678,1844,1,3,45,0.05
4679,1844,16,4,46,0.05
4680,1845,11,4,91,0.1
4681,1845,14,2,80,0.2
4682,1845,7,5,85,0.25
4683,1845,13,2,63,0.1
4684,1846,15,4,97,0
4685,1846,2,4,62,0
4686,1846,15,3,97,0.05
4687,1847,14,2,80,0.15
4688,1847,15,5,97,0.1
4689,1848,16,3,46,0.2
4690,1848,10,5,74,0.15
4691,1848,7,4,85,0.2
4692,1849,16,4,46,0.1
4693,1849,16,3,46,0
4694,1850,14,4,80,0.05
4695,1850,15,3,97,0
4696,1850,3,3,79,0.1
4697,1850,7,1,85,0
4698,1851,2,4,62,0.05
4699,1851,5,2,51,0.05
4700,1851,11,2,91,0.05
4701,1852,6,2,68,0.25
4702,1852,2,1,62,0.2
4703,1852,3,1,79,0.15
4704,1853,3,5,79,0.1
4705,1854,11,5,91,0
4706,1855,14,1,80,0.2
4707,1855,14,1,80,0.25
4708,1855,9,4,57,0.25
4709,1855,13,5,63,0.1
4710,1856,12,1,40,0
4711,1856,6,2,68,0
4712,1856,14,3,80,0
4713,1857,6,2,68,0.2
4714,1857,3,2,79,0.25
4715,1857,10,4,74,0.25
4716,1857,7,5,85,0.2
4717,1858,10,3,74,0
4718,1858,10,1,74,0
4719,1858,6,2,68,0.1
4720,1858,12,1,40,0.1
4721,1859,7,1,85,0.2
4722,1860,12,2,40,0.05
4723,1860,14,3,80,0
4724,1860,12,2,40,0
4725,1861,10,1,74,0
4726,1862,13,4,63,0.15
4727,1863,10,5,74,0
4728,1863,2,1,62,0
4729,1864,7,3,85,0
4730,1864,6,3,68,0
4731,1864,12,5,40,0.1
4732,1864,8,1,34,0
4733,1865,10,1,74,0
4734,1865,13,1,63,0
4735,1866,12,2,40,0
4736,1866,11,2,91,0
4737,1866,10,3,74,0
4738,1867,2,5,62,0.1
4739,1868,11,4,91,0.1
4740,1868,14,2,80,0.05
4741,1868,10,1,74,0
4742,1869,11,2,91,0
4743,1869,3,5,79,0
4744,1869,13,5,63,0
4745,1870,13,5,63,0
4746,1871,16,3,46,0.1
4747,1872,5,1,51,0.2
4748,1872,3,1,79,0.2
4749,1872,5,3,51,0.15
4750,1872,15,1,97,0.15
4751,1873,9,5,57,0.05
4752,1873,5,3,51,0
4753,1873,4,2,28,0.05
4754,1873,11,2,91,0
4755,1874,1,4,45,0
4756,1874,1,2,45,0
4757,1874,14,3,80,0.05
4758,1874,9,4,57,0.1
4759,1875,9,1,57,0.05
4760,1876,13,3,63,0.05
4761,1877,15,4,97,0.05
4762,1877,8,1,34,0
4763,1877,2,4,62,0
4764,1877,5,5,51,0
4765,1878,13,1,63,0.05
4766,1878,9,4,57,0
4767,1879,7,3,85,0
4768,1880,8,5,34,0
4769,1880,10,3,74,0
4770,1880,4,3,28,0.1
4771,1881,15,2,97,0
4772,1881,3,4,79,0.1
4773,1881,2,5,62,0.05
4774,1882,16,1,46,0.05
4775,1882,13,5,63,0.1
4776,1882,11,4,91,0
4777,1882,6,3,68,0
4778,1883,4,5,28,0
4779,1884,11,4,91,0.05
4780,1884,14,4,80,0.1
4781,1884,1,5,45,0.1
4782,1884,8,4,34,0.05
4783,1885,11,2,91,0
4784,1885,7,1,85,0.1
4785,1885,12,3,40,0
4786,1885,16,3,46,0.1
4787,1886,13,2,63,0.1
4788,1886,4,1,28,0.1
4789,1886,11,2,91,0.05
4790,1887,12,4,40,0.05
4791,1888,8,1,34,0.15
4792,1888,6,1,68,0.25
4793,1888,2,1,62,0.25
4794,1888,5,2,51,0.15
4795,1889,10,5,74,0
4796,1889,14,5,80,0
4797,1890,3,5,79,0
4798,1891,11,2,91,0.1
4799,1892,13,4,63,0
4800,1892,11,3,91,0.05
4801,1892,1,3,45,0
4802,1892,13,1,63,0.1
4803,1893,5,4,51,0
4804,1893,11,2,91,0.1
4805,1893,10,5,74,0
4806,1893,14,4,80,0
4807,1894,3,3,79,0.05
4808,1894,7,5,85,0
4809,1895,5,1,51,0.25
4810,1895,9,2,57,0.25
4811,1895,9,3,57,0.1
4812,1896,3,5,79,0
4813,1896,3,4,79,0.1
4814,1896,3,2,79,0.05
4815,1897,11,2,91,0
4816,1897,9,5,57,0
4817,1898,16,3,46,0.1
4818,1898,12,4,40,0.05
4819,1898,2,4,62,0
4820,1899,7,3,85,0
4821,1899,14,5,80,0.1
4822,1899,4,3,28,0.1
4823,1900,9,5,57,0
4824,1901,12,2,40,0.05
4825,1902,4,1,28,0.2
4826,1903,8,1,34,0.05
4827,1903,16,2,46,0
4828,1903,12,4,40,0.05
4829,1904,16,3,46,0
4830,1904,11,3,91,0.1
4831,1904,11,2,91,0
4832,1905,12,4,40,0.05
4833,1906,14,4,80,0
4834,1907,7,4,85,0
4835,1908,1,4,45,0
4836,1908,15,1,97,0.05
4837,1908,16,5,46,0.1
4838,1909,11,5,91,0.05
4839,1909,7,4,85,0.05
4840,1909,13,1,63,0
4841,1910,4,1,28,0
4842,1910,1,1,45,0
4843,1910,2,4,62,0.1
4844,1910,9,5,57,0
4845,1911,11,3,91,0.25
4846,1911,5,1,51,0.15
4847,1912,12,2,40,0.25
4848,1912,12,3,40,0.1
4849,1913,9,1,57,0.15
4850,1913,4,2,28,0.1
4851,1914,6,4,68,0.05
4852,1914,8,4,34,0.1
4853,1914,8,3,34,0.1
4854,1915,9,5,57,0.15
4855,1916,8,3,34,0.1
4856,1916,5,4,51,0
4857,1916,11,2,91,0.1
4858,1916,16,5,46,0.05
4859,1917,14,5,80,0
4860,1917,5,2,51,0
4861,1917,6,1,68,0.05
4862,1917,6,3,68,0
4863,1918,5,3,51,0.05
4864,1918,11,4,91,0.05
4865,1918,9,4,57,0.05
4866,1918,6,3,68,0.05
4867,1919,11,1,91,0
4868,1920,11,2,91,0.15
4869,1921,15,4,97,0.05
4870,1921,9,4,57,0
4871,1922,9,5,57,0
4872,1923,4,2,28,0.1
4873,1924,7,1,85,0.1
4874,1925,16,1,46,0.25
4875,1925,16,4,46,0.15
4876,1925,13,2,63,0.1
4877,1925,16,1,46,0.15
4878,1926,13,5,63,0.2
4879,1926,13,5,63,0.1
4880,1926,6,4,68,0.2
4881,1927,10,1,74,0
4882,1927,11,2,91,0
4883,1927,9,5,57,0
4884,1927,16,1,46,0
4885,1928,15,1,97,0
4886,1929,7,4,85,0
4887,1930,6,1,68,0.15
4888,1930,8,4,34,0.2
4889,1930,13,1,63,0.15
4890,1931,12,3,40,0
4891,1931,8,5,34,0.05
4892,1931,3,1,79,0.1
4893,1931,8,3,34,0
4894,1932,7,3,85,0
4895,1932,10,1,74,0
4896,1932,8,2,34,0
4897,1932,12,5,40,0.1
4898,1933,15,1,97,0.1
4899,1933,3,4,79,0
4900,1933,12,4,40,0.1
4901,1934,13,1,63,0.05
4902,1934,13,3,63,0
4903,1934,11,2,91,0
4904,1935,13,4,63,0.1
4905,1935,14,1,80,0
4906,1935,8,3,34,0.05
4907,1935,15,2,97,0
4908,1936,8,2,34,0.2
4909,1937,11,4,91,0.2
4910,1937,9,5,57,0.2
4911,1937,15,2,97,0.1
4912,1937,13,1,63,0.2
4913,1938,10,4,74,0.1
4914,1938,4,1,28,0
4915,1938,16,4,46,0.05
4916,1939,14,3,80,0.1
4917,1939,15,2,97,0
4918,1939,7,3,85,0.05
4919,1940,9,4,57,0.05
4920,1941,6,4,68,0
4921,1941,5,4,51,0.1
4922,1941,15,5,97,0.05
4923,1941,7,5,85,0.1
4924,1942,15,1,97,0
4925,1942,15,2,97,0.05
4926,1943,14,5,80,0.2
4927,1944,2,2,62,0
4928,1944,8,3,34,0.05
4929,1945,13,5,63,0.15
4930,1946,5,2,51,0.05
4931,1946,13,3,63,0
4932,1946,3,2,79,0.05
4933,1947,9,3,57,0.05
4934,1947,16,3,46,0
4935,1947,1,3,45,0
4936,1947,10,2,74,0
4937,1948,5,3,51,0.1
4938,1948,14,5,80,0.25
4939,1948,5,2,51,0.15
4940,1949,13,4,63,0.15
4941,1949,16,5,46,0.15
4942,1949,16,2,46,0.2
4943,1950,6,5,68,0
4944,1950,13,3,63,0.05
4945,1950,1,2,45,0
4946,1950,1,4,45,0
4947,1951,5,1,51,0.15
4948,1952,12,3,40,0.05
4949,1952,3,4,79,0.05
4950,1952,5,1,51,0
4951,1952,9,4,57,0.1
4952,1953,6,4,68,0.1
4953,1953,6,1,68,0
4954,1953,13,1,63,0.1
4955,1954,7,1,85,0.05
4956,1954,16,2,46,0
4957,1955,14,1,80,0
4958,1956,8,2,34,0.1
4959,1956,9,5,57,0.05
4960,1957,1,1,45,0.05
4961,1957,4,5,28,0.1
4962,1957,16,2,46,0
4963,1957,12,1,40,0
4964,1958,5,5,51,0.1
4965,1958,9,5,57,0
4966,1959,11,5,91,0.05
4967,1960,15,1,97,0.05
4968,1960,1,4,45,0.05
4969,1961,10,2,74,0.25
4970,1962,12,5,40,0.15
4971,1962,6,3,68,0.25
4972,1963,16,2,46,0.2
4973,1963,10,2,74,0.2
4974,1963,15,5,97,0.15
4975,1963,13,3,63,0.1
4976,1964,8,5,34,0.15
4977,1964,2,2,62,0.1
4978,1964,5,3,51,0.25
4979,1965,1,5,45,0
4980,1965,12,4,40,0
4981,1965,5,3,51,0
4982,1966,5,1,51,0
4983,1966,8,1,34,0
4984,1966,9,1,57,0
4985,1967,4,4,28,0
4986,1968,16,3,46,0.1
4987,1968,3,5,79,0.15
4988,1968,8,2,34,0.2
4989,1969,11,5,91,0.1
4990,1969,16,4,46,0
4991,1970,6,2,68,0.1
4992,1971,8,4,34,0.05
4993,1971,1,5,45,0
4994,1971,2,4,62,0.05
4995,1971,14,1,80,0.05
4996,1972,11,3,91,0.1
4997,1972,10,2,74,0.1
4998,1973,14,4,80,0.2
4999,1974,8,5,34,0.1
5000,1974,9,3,57,0
5001,1974,6,3,68,0
5002,1975,8,5,34,0
5003,1975,8,1,34,0.1
5004,1976,2,2,62,0
5005,1976,4,2,28,0
5006,1977,12,2,40,0.15
5007,1978,2,2,62,0
5008,1978,11,1,91,0
5009,1978,3,3,79,0.05
5010,1978,16,1,46,0.05
5011,1979,10,3,74,0.1
5012,1979,3,5,79,0
5013,1980,11,2,91,0
5014,1980,3,5,79,0
5015,1981,8,3,34,0.05
5016,1981,3,5,79,0.1
5017,1981,16,3,46,0.05
5018,1982,8,2,34,0
5019,1982,14,2,80,0
5020,1982,14,1,80,0.1
5021,1982,3,5,79,0.05
5022,1983,1,1,45,0.25
5023,1983,11,1,91,0.15
5024,1984,15,4,97,0
5025,1984,7,4,85,0
5026,1984,2,5,62,0
5027,1984,3,3,79,0.1
5028,1985,16,5,46,0
5029,1985,7,1,85,0.05
5030,1986,8,5,34,0.25
5031,1986,16,5,46,0.1
5032,1986,12,4,40,0.2
5033,1986,13,3,63,0.15
5034,1987,16,2,46,0.1
5035,1988,10,4,74,0
5036,1989,10,1,74,0.15
5037,1989,1,5,45,0.1
5038,1989,15,5,97,0.1
5039,1989,12,3,40,0.25
5040,1990,9,5,57,0
5041,1990,13,5,63,0.1
5042,1990,3,5,79,0.05
5043,1990,4,1,28,0.1
5044,1991,13,2,63,0.15
5045,1991,3,5,79,0.25
5046,1991,5,1,51,0.15
5047,1992,8,4,34,0.1
5048,1992,8,1,34,0
5049,1993,4,5,28,0.25
5050,1993,10,5,74,0.15
5051,1993,2,2,62,0.2
5052,1993,1,1,45,0.2
5053,1994,7,5,85,0.1
5054,1995,5,3,51,0.1
5055,1995,1,2,45,0.15
5056,1995,2,1,62,0.1
5057,1995,11,2,91,0.15
5058,1996,4,4,28,0.2
5059,1996,14,4,80,0.25
5060,1996,12,1,40,0.15
5061,1997,5,2,51,0.15
5062,1997,10,1,74,0.25
5063,1998,6,3,68,0.2
5064,1999,6,5,68,0
5065,2000,4,2,28,0.15
5066,2001,2,5,62,0.1
5067,2001,14,1,80,0.05
5068,2001,13,5,63,0.05
5069,2001,10,3,74,0.05
5070,2002,5,3,51,0.1
5071,2002,3,2,79,0.1
5072,2002,3,3,79,0.05
5073,2003,2,2,62,0.1
5074,2004,8,5,34,0.1
5075,2005,4,1,28,0.2
5076,2006,10,4,74,0.15
5077,2006,2,2,62,0.1
5078,2007,4,5,28,0
5079,2008,6,3,68,0
5080,2008,1,3,45,0.05
5081,2009,2,4,62,0.1
5082,2009,15,5,97,0
5083,2009,7,1,85,0.05
5084,2010,11,4,91,0
5085,2010,5,4,51,0.05
5086,2010,16,5,46,0.05
5087,2011,8,2,34,0.2
5088,2012,8,5,34,0.15
5089,2012,10,1,74,0.25
5090,2013,1,2,45,0
5091,2013,15,3,97,0
5092,2013,2,3,62,0.1
5093,2013,13,2,63,0
5094,2014,11,3,91,0.1
5095,2014,6,3,68,0
5096,2014,13,3,63,0
5097,2014,15,3,97,0.1
5098,2015,9,5,57,0.05
5099,2015,15,1,97,0
5100,2015,4,1,28,0
5101,2015,15,4,97,0
5102,2016,16,3,46,0.15
5103,2016,2,4,62,0.1
5104,2017,2,1,62,0.05
5105,2017,6,1,68,0.05
5106,2017,3,3,79,0.05
5107,2017,14,4,80,0.05
5108,2018,14,3,80,0.05
5109,2018,8,5,34,0
5110,2018,1,2,45,0
5111,2019,10,5,74,0
5112,2020,4,5,28,0.25
5113,2020,15,2,97,0.25
5114,2020,5,3,51,0.15
5115,2020,7,5,85,0.25
5116,2021,16,4,46,0.1
5117,2021,9,1,57,0
5118,2022,13,4,63,0
5119,2022,12,3,40,0
5120,2022,8,3,34,0.1
5121,2022,4,1,28,0.1
5122,2023,12,3,40,0.1
5123,2023,7,5,85,0.1
5124,2024,8,3,34,0.25
5125,2024,4,5,28,0.25
5126,2025,2,3,62,0
5127,2025,6,4,68,0
5128,2026,3,5,79,0.1
5129,2026,9,3,57,0
5130,2026,2,5,62,0
5131,2026,7,5,85,0.05
5132,2027,13,4,63,0.15
5133,2028,9,5,57,0
5134,2028,15,2,97,0.1
5135,2028,12,3,40,0.1
5136,2029,14,2,80,0
5137,2030,16,4,46,0.15
5138,2031,4,4,28,0
5139,2031,7,3,85,0
5140,2031,15,4,97,0.05
5141,2032,6,3,68,0
5142,2032,5,4,51,0.1
5143,2033,15,5,97,0.05
5144,2033,11,2,91,0
5145,2034,10,5,74,0.15
5146,2034,14,5,80,0.1
5147,2034,4,1,28,0.15
5148,2035,11,5,91,0.25
5149,2036,13,2,63,0.1
5150,2037,5,1,51,0.05
5151,2038,14,2,80,0.1
5152,2039,11,5,91,0.05
5153,2039,11,3,91,0.1
5154,2040,12,4,40,0.05
5155,2040,3,5,79,0
5156,2041,3,1,79,0.15
5157,2042,5,3,51,0.25
5158,2042,4,1,28,0.2
5159,2042,10,2,74,0.15
5160,2042,13,2,63,0.15
5161,2043,15,2,97,0
5162,2043,2,4,62,0
5163,2044,12,3,40,0.15
5164,2044,16,2,46,0.1
5165,2044,1,5,45,0.15
5166,2044,9,1,57,0.15
5167,2045,11,1,91,0.2
5168,2045,3,1,79,0.2
5169,2045,2,5,62,0.2
5170,2045,9,2,57,0.25
5171,2046,7,4,85,0
5172,2047,2,2,62,0
5173,2047,5,3,51,0
5174,2047,11,2,91,0
5175,2048,4,4,28,0.1
5176,2049,13,5,63,0.2
5177,2049,12,3,40,0.1
5178,2049,13,1,63,0.25
5179,2049,15,1,97,0.2
5180,2050,11,1,91,0.1
5181,2051,1,5,45,0
5182,2051,4,3,28,0
5183,2052,14,1,80,0
5184,2052,6,3,68,0.05
5185,2052,8,2,34,0
5186,2052,2,3,62,0
5187,2053,12,3,40,0.2
5188,2053,13,2,63,0.15
5189,2054,4,3,28,0
5190,2055,6,4,68,0.1
5191,2055,6,4,68,0
5192,2055,15,3,97,0
5193,2055,1,3,45,0.05
5194,2056,4,5,28,0.1
5195,2056,10,2,74,0
5196,2056,8,3,34,0.05
5197,2056,10,3,74,0
5198,2057,3,1,79,0.25
5199,2057,8,1,34,0.2
5200,2057,5,4,51,0.2
5201,2057,4,1,28,0.1
5202,2058,2,1,62,0.05
5203,2058,6,2,68,0
5204,2058,7,4,85,0.1
5205,2058,7,3,85,0.1
5206,2059,1,4,45,0.05
5207,2059,4,1,28,0
5208,2060,15,1,97,0.25
5209,2060,8,2,34,0.2
5210,2061,4,5,28,0.05
5211,2061,15,4,97,0
5212,2061,1,1,45,0.1
5213,2061,10,5,74,0.05
5214,2062,10,3,74,0
5215,2062,2,4,62,0.1
5216,2062,6,4,68,0
5217,2063,10,4,74,0.05
5218,2063,4,4,28,0
5219,2064,11,5,91,0
5220,2064,14,3,80,0.05
5221,2065,11,4,91,0
5222,2065,10,2,74,0.05
5223,2065,16,2,46,0
5224,2065,4,4,28,0.1
5225,2066,11,1,91,0
5226,2066,7,4,85,0
5227,2067,10,1,74,0
5228,2067,14,5,80,0.05
5229,2067,11,1,91,0
5230,2068,11,2,91,0
5231,2068,11,3,91,0
5232,2068,15,2,97,0.05
5233,2068,2,2,62,0
5234,2069,3,3,79,0.1
5235,2069,11,1,91,0
5236,2069,11,3,91,0.05
5237,2069,2,2,62,0
5238,2070,7,4,85,0.05
5239,2071,13,1,63,0
5240,2071,8,5,34,0
5241,2071,5,4,51,0
5242,2071,11,1,91,0.1
5243,2072,5,5,51,0
5244,2072,1,3,45,0.1
5245,2073,8,1,34,0.2
5246,2073,11,5,91,0.1
5247,2073,11,4,91,0.25
5248,2074,8,2,34,0.1
5249,2074,7,5,85,0
5250,2075,8,4,34,0.15
5251,2075,14,5,80,0.15
5252,2076,12,3,40,0
5253,2076,15,5,97,0
5254,2076,15,1,97,0
5255,2076,4,2,28,0
5256,2077,15,4,97,0.1
5257,2078,7,2,85,0
5258,2079,13,5,63,0
5259,2079,11,2,91,0
5260,2080,2,5,62,0
5261,2081,9,2,57,0.1
5262,2081,11,3,91,0.05
5263,2081,15,2,97,0
5264,2081,7,2,85,0
5265,2082,2,3,62,0.05
5266,2082,14,3,80,0.05
5267,2082,9,4,57,0.1
5268,2082,1,4,45,0.05
5269,2083,6,3,68,0.1
5270,2083,15,3,97,0.1
5271,2083,9,1,57,0.1
5272,2084,14,1,80,0.25
5273,2085,13,5,63,0
5274,2085,5,5,51,0
5275,2086,9,1,57,0.1
5276,2086,3,5,79,0.1
5277,2086,1,2,45,0
5278,2086,13,4,63,0.05
5279,2087,15,5,97,0
5280,2087,6,3,68,0
5281,2088,3,4,79,0
5282,2088,3,5,79,0.05
5283,2088,15,1,97,0
5284,2089,12,2,40,0.25
5285,2090,10,1,74,0.05
5286,2090,14,5,80,0.05
5287,2090,13,4,63,0
5288,2090,10,4,74,0
5289,2091,1,1,45,0.1
5290,2092,1,2,45,0
5291,2092,5,3,51,0.05
5292,2092,6,2,68,0
5293,2093,9,4,57,0.15
5294,2093,14,3,80,0.2
5295,2093,6,3,68,0.25
5296,2093,9,2,57,0.2
5297,2094,12,1,40,0
5298,2095,13,5,63,0.1
5299,2095,4,4,28,0
5300,2095,11,3,91,0.1
5301,2095,15,3,97,0
5302,2096,3,3,79,0.05
5303,2096,2,5,62,0
5304,2096,11,5,91,0.1
5305,2096,2,3,62,0.1
5306,2097,7,2,85,0.05
5307,2097,8,3,34,0
5308,2097,4,1,28,0
5309,2097,2,5,62,0.05
5310,2098,14,5,80,0.05
5311,2098,6,1,68,0
5312,2098,14,1,80,0
5313,2098,15,2,97,0.05
5314,2099,5,2,51,0.1
5315,2100,1,3,45,0.05
5316,2100,6,5,68,0.1
5317,2101,3,3,79,0.1
5318,2101,9,5,57,0.05
5319,2102,8,4,34,0.25
5320,2102,9,4,57,0.1
5321,2103,11,5,91,0
5322,2103,12,2,40,0
5323,2103,14,5,80,0.1
5324,2103,15,4,97,0.05
5325,2104,10,1,74,0
5326,2104,4,5,28,0
5327,2104,7,4,85,0
5328,2104,14,2,80,0.1
5329,2105,9,4,57,0
5330,2105,1,1,45,0
5331,2106,8,4,34,0.05
5332,2106,3,3,79,0.1
5333,2106,13,2,63,0
5334,2106,8,1,34,0.1
5335,2107,8,1,34,0.1
5336,2107,5,4,51,0.05
5337,2107,2,2,62,0.1
5338,2108,3,5,79,0.1
5339,2108,6,3,68,0.05
5340,2108,12,4,40,0
5341,2108,4,2,28,0
5342,2109,16,5,46,0
5343,2109,14,1,80,0.05
5344,2110,13,4,63,0
5345,2110,11,3,91,0
5346,2110,1,2,45,0
5347,2111,14,5,80,0
5348,2111,11,5,91,0.05
5349,2111,10,2,74,0
5350,2111,10,4,74,0
5351,2112,6,5,68,0.1
5352,2112,6,2,68,0
5353,2113,14,3,80,0
5354,2113,16,5,46,0.1
5355,2113,11,2,91,0.1
5356,2113,8,2,34,0
5357,2114,9,4,57,0.1
5358,2114,8,2,34,0.2
5359,2115,14,2,80,0
5360,2115,5,4,51,0.1
5361,2115,2,1,62,0.05
5362,2116,7,1,85,0
5363,2116,8,2,34,0
5364,2116,15,1,97,0.05
5365,2116,9,1,57,0
5366,2117,15,4,97,0
5367,2117,4,4,28,0.1
5368,2118,10,4,74,0.1
5369,2118,13,3,63,0.1
5370,2118,10,3,74,0.05
5371,2118,14,4,80,0
5372,2119,6,3,68,0.05
5373,2120,1,1,45,0.15
5374,2120,9,3,57,0.15
5375,2120,2,4,62,0.1
5376,2120,11,2,91,0.1
5377,2121,16,1,46,0.1
5378,2121,8,2,34,0.05
5379,2122,2,5,62,0
5380,2123,15,3,97,0
5381,2123,15,1,97,0
5382,2124,3,3,79,0.2
5383,2124,12,4,40,0.2
5384,2124,11,5,91,0.2
5385,2124,1,3,45,0.15
5386,2125,15,1,97,0.2
5387,2126,12,2,40,0.05
5388,2126,15,5,97,0
5389,2127,4,1,28,0
5390,2127,12,4,40,0.05
5391,2127,11,2,91,0
5392,2128,16,4,46,0.05
5393,2128,1,5,45,0
5394,2129,8,2,34,0
5395,2129,10,3,74,0
5396,2129,6,5,68,0
5397,2130,9,1,57,0.1
5398,2131,12,4,40,0.05
5399,2131,2,1,62,0.05
5400,2132,5,2,51,0.2
5401,2133,4,2,28,0.05
5402,2134,16,1,46,0
5403,2134,14,2,80,0.1
5404,2134,14,1,80,0
5405,2135,4,2,28,0
5406,2136,3,2,79,0
5407,2136,10,5,74,0
5408,2137,13,4,63,0.05
5409,2138,2,5,62,0
5410,2139,7,1,85,0.1
5411,2139,8,4,34,0.1
5412,2139,10,1,74,0.1
5413,2139,4,5,28,0.1
5414,2140,4,2,28,0
5415,2141,9,5,57,0.05
5416,2141,16,1,46,0.05
5417,2141,16,4,46,0.05
5418,2142,12,4,40,0.15
5419,2142,13,1,63,0.25
5420,2143,11,4,91,0
5421,2144,2,4,62,0.25
5422,2144,13,4,63,0.15
5423,2145,2,1,62,0.1
5424,2145,11,5,91,0
5425,2145,16,1,46,0.05
5426,2145,14,2,80,0
5427,2146,13,3,63,0.1
5428,2147,8,4,34,0.05
5429,2147,1,5,45,0.1
5430,2148,12,5,40,0.05
5431,2148,12,3,40,0
5432,2149,1,2,45,0.05
5433,2149,6,2,68,0.1
5434,2149,7,5,85,0.1
5435,2149,7,2,85,0
5436,2150,14,3,80,0.1
5437,2150,10,4,74,0.1
5438,2151,9,1,57,0.1
5439,2151,3,2,79,0
5440,2151,4,4,28,0.05
5441,2151,6,5,68,0.1
5442,2152,10,1,74,0
5443,2152,12,4,40,0
5444,2152,10,2,74,0.1
5445,2153,4,1,28,0.05
5446,2153,1,2,45,0.1
5447,2153,6,4,68,0
5448,2153,11,3,91,0.05
5449,2154,13,5,63,0
5450,2154,9,2,57,0.1
5451,2155,10,3,74,0.05
5452,2155,11,5,91,0.05
5453,2156,1,1,45,0.25
5454,2156,5,2,51,0.15
5455,2157,9,2,57,0.25
5456,2157,7,4,85,0.2
5457,2157,2,5,62,0.25
5458,2157,1,5,45,0.25
5459,2158,3,2,79,0.1
5460,2159,8,3,34,0.05
5461,2160,15,1,97,0
5462,2160,6,4,68,0.05
5463,2160,11,1,91,0.05
5464,2160,12,3,40,0.05
5465,2161,16,3,46,0.1
5466,2162,1,1,45,0.1
5467,2163,9,3,57,0.1
5468,2163,10,3,74,0
5469,2164,8,2,34,0.1
5470,2164,16,1,46,0
5471,2165,5,5,51,0.2
5472,2166,2,3,62,0.05
5473,2166,3,3,79,0
5474,2167,5,5,51,0
5475,2167,16,2,46,0.1
5476,2167,13,4,63,0
5477,2168,11,4,91,0.05
5478,2168,16,1,46,0
5479,2168,5,1,51,0.1
5480,2168,9,1,57,0
5481,2169,3,3,79,0.1
5482,2170,4,5,28,0.1
5483,2171,6,3,68,0.15
5484,2171,11,2,91,0.25
5485,2171,16,3,46,0.25
5486,2172,8,2,34,0.05
5487,2172,6,1,68,0
5488,2172,6,2,68,0.1
5489,2173,14,1,80,0
5490,2173,12,2,40,0
5491,2173,12,4,40,0
5492,2173,13,5,63,0
5493,2174,16,1,46,0
5494,2174,8,4,34,0
5495,2175,8,2,34,0.25
5496,2175,2,5,62,0.2
5497,2175,5,4,51,0.2
5498,2175,14,2,80,0.2
5499,2176,11,4,91,0.25
5500,2176,9,1,57,0.1
5501,2176,9,4,57,0.2
5502,2177,2,2,62,0.1
5503,2177,13,5,63,0
5504,2178,9,3,57,0
5505,2178,12,4,40,0
5506,2178,2,4,62,0.05
5507,2178,2,4,62,0
5508,2179,5,3,51,0.25
5509,2179,12,1,40,0.2
5510,2180,2,3,62,0
5511,2181,5,4,51,0.15
5512,2181,9,2,57,0.2
5513,2182,15,2,97,0
5514,2182,6,2,68,0.05
5515,2183,8,4,34,0
5516,2183,7,3,85,0
5517,2184,7,2,85,0.1
5518,2184,7,5,85,0.2
5519,2185,1,3,45,0.1
5520,2185,4,5,28,0.05
5521,2185,4,4,28,0.1
5522,2185,13,5,63,0
5523,2186,10,3,74,0.1
5524,2186,8,4,34,0.25
5525,2186,11,2,91,0.25
5526,2187,7,3,85,0.15
5527,2187,2,2,62,0.25
5528,2187,7,2,85,0.2
5529,2188,12,3,40,0
5530,2188,1,2,45,0.05
5531,2188,13,1,63,0.1
5532,2188,8,3,34,0.1
5533,2189,8,2,34,0.05
5534,2189,3,1,79,0
5535,2189,6,3,68,0
5536,2189,13,2,63,0
5537,2190,8,4,34,0.05
5538,2190,14,2,80,0.05
5539,2190,10,1,74,0
5540,2190,12,3,40,0.05
5541,2191,7,1,85,0.1
5542,2191,7,1,85,0.15
5543,2191,3,1,79,0.25
5544,2192,6,3,68,0.25
5545,2192,6,2,68,0.2
5546,2193,3,4,79,0.1
5547,2193,4,1,28,0.2
5548,2194,15,2,97,0.25
5549,2195,16,5,46,0.2
5550,2195,9,1,57,0.25
5551,2196,4,4,28,0.05
5552,2196,12,5,40,0
5553,2196,9,4,57,0.1
5554,2196,10,3,74,0.1
5555,2197,11,2,91,0
5556,2198,7,4,85,0.25
5557,2199,9,3,57,0
5558,2199,13,5,63,0.05
5559,2200,2,2,62,0
5560,2200,13,3,63,0.1
5561,2200,6,3,68,0
5562,2201,11,2,91,0
5563,2201,4,3,28,0.1
5564,2201,3,1,79,0
5565,2201,10,4,74,0.05
5566,2202,7,4,85,0.1
5567,2203,3,4,79,0
5568,2204,8,5,34,0.1
5569,2205,3,5,79,0
5570,2205,10,1,74,0.05
5571,2205,8,2,34,0
5572,2205,14,4,80,0
5573,2206,1,1,45,0
5574,2206,16,2,46,0
5575,2206,1,1,45,0
5576,2207,3,3,79,0
5577,2208,7,4,85,0.05
5578,2209,8,5,34,0.1
5579,2210,3,4,79,0
5580,2210,10,5,74,0
5581,2210,7,2,85,0.05
5582,2210,5,5,51,0
5583,2211,9,5,57,0.05
5584,2211,5,1,51,0.05
5585,2212,3,4,79,0.1
5586,2212,12,4,40,0
5587,2212,9,5,57,0
5588,2212,4,1,28,0
5589,2213,2,4,62,0.05
5590,2213,14,3,80,0.1
5591,2214,2,1,62,0
5592,2214,5,2,51,0
5593,2214,6,3,68,0.05
5594,2214,16,5,46,0
5595,2215,11,5,91,0.1
5596,2215,4,1,28,0.1
5597,2215,13,5,63,0
5598,2216,3,1,79,0
5599,2216,7,4,85,0
5600,2217,1,3,45,0.25
5601,2218,4,3,28,0
5602,2218,8,3,34,0.1
5603,2218,9,3,57,0.05
5604,2218,11,5,91,0
5605,2219,11,4,91,0.1
5606,2219,8,5,34,0.05
5607,2219,2,4,62,0.05
5608,2220,1,3,45,0.05
5609,2220,15,4,97,0
5610,2221,15,4,97,0.1
5611,2221,12,2,40,0
5612,2221,13,1,63,0.1
5613,2222,1,2,45,0.15
5614,2222,15,4,97,0.1
5615,2222,13,2,63,0.25
5616,2223,14,4,80,0
5617,2223,12,4,40,0
5618,2223,16,3,46,0
5619,2223,12,4,40,0
5620,2224,6,2,68,0.05
5621,2224,13,1,63,0
5622,2224,10,5,74,0.1
5623,2225,2,3,62,0.1
5624,2225,8,3,34,0.1
5625,2225,4,5,28,0.2
5626,2226,10,2,74,0
5627,2226,3,2,79,0.05
5628,2227,3,3,79,0
5629,2227,16,5,46,0
5630,2227,7,4,85,0.1
5631,2228,2,2,62,0
5632,2228,14,5,80,0
5633,2228,7,4,85,0
5634,2229,5,3,51,0
5635,2229,12,4,40,0.1
5636,2229,11,3,91,0.1
5637,2229,10,3,74,0
5638,2230,7,4,85,0
5639,2230,10,2,74,0
5640,2231,15,5,97,0
5641,2232,11,3,91,0
5642,2232,6,5,68,0.1
5643,2232,9,4,57,0.1
5644,2233,5,5,51,0.2
5645,2234,2,4,62,0.15
5646,2234,7,4,85,0.15
5647,2235,2,4,62,0.05
5648,2236,8,1,34,0
5649,2236,10,3,74,0
5650,2236,13,3,63,0.05
5651,2237,3,5,79,0.1
5652,2237,4,3,28,0
5653,2238,6,5,68,0.1
5654,2238,15,1,97,0
5655,2238,10,2,74,0.05
5656,2238,16,3,46,0.05
5657,2239,16,5,46,0.1
5658,2240,16,5,46,0.05
5659,2240,14,2,80,0
5660,2241,7,2,85,0
5661,2242,9,5,57,0
5662,2242,15,1,97,0.05
5663,2242,4,3,28,0
5664,2243,16,3,46,0.25
5665,2243,12,4,40,0.1
5666,2243,15,4,97,0.15
5667,2243,5,1,51,0.15
5668,2244,6,4,68,0.05
5669,2244,5,4,51,0.05
5670,2244,7,5,85,0
5671,2244,1,3,45,0.05
5672,2245,13,4,63,0.1
5673,2246,7,3,85,0.05
5674,2246,11,5,91,0.05
5675,2247,14,3,80,0
5676,2247,9,2,57,0
5677,2247,3,4,79,0
5678,2248,4,1,28,0.1
5679,2248,12,3,40,0.05
5680,2248,9,2,57,0
5681,2249,4,2,28,0.15
5682,2249,13,3,63,0.15
5683,2250,16,4,46,0.15
5684,2250,14,1,80,0.2
5685,2250,9,5,57,0.2
5686,2250,1,5,45,0.15
5687,2251,7,5,85,0.25
5688,2251,4,3,28,0.1
5689,2252,11,3,91,0
5690,2253,9,4,57,0
5691,2253,9,5,57,0
5692,2253,13,3,63,0.1
5693,2253,1,3,45,0
5694,2254,13,4,63,0.25
5695,2255,13,1,63,0.15
5696,2256,8,2,34,0.2
5697,2256,13,5,63,0.15
5698,2256,12,5,40,0.1
5699,2257,7,2,85,0.1
5700,2257,4,1,28,0.05
5701,2257,4,4,28,0.1
5702,2257,6,4,68,0
5703,2258,14,1,80,0.2
5704,2258,16,2,46,0.25
5705,2258,16,5,46,0.15
5706,2258,7,4,85,0.2
5707,2259,5,4,51,0.1
5708,2259,14,3,80,0.1
5709,2260,13,4,63,0.05
5710,2260,9,4,57,0
5711,2260,8,3,34,0.1
5712,2260,11,1,91,0
5713,2261,6,5,68,0
5714,2261,9,5,57,0.1
5715,2261,8,5,34,0.05
5716,2261,1,2,45,0.1
5717,2262,16,5,46,0
5718,2263,13,5,63,0
5719,2263,4,2,28,0.1
5720,2263,10,5,74,0
5721,2264,16,2,46,0.1
5722,2265,13,2,63,0
5723,2266,4,1,28,0
5724,2266,8,5,34,0.1
5725,2266,14,2,80,0
5726,2267,9,4,57,0.1
5727,2267,5,4,51,0.25
5728,2267,11,5,91,0.1
5729,2267,10,1,74,0.1
5730,2268,11,1,91,0.2
5731,2269,16,2,46,0
5732,2269,1,4,45,0
5733,2269,7,3,85,0.1
5734,2269,12,3,40,0.1
5735,2270,12,2,40,0.1
5736,2271,11,4,91,0.1
5737,2271,4,2,28,0.15
5738,2271,13,1,63,0.1
5739,2271,16,4,46,0.2
5740,2272,8,4,34,0.1
5741,2272,15,1,97,0.05
5742,2273,2,4,62,0.05
5743,2274,2,4,62,0
5744,2274,7,5,85,0.05
5745,2274,9,5,57,0
5746,2275,15,2,97,0.1
5747,2275,11,3,91,0
5748,2275,9,5,57,0
5749,2276,4,4,28,0
5750,2276,13,3,63,0
5751,2277,9,3,57,0.05
5752,2277,11,5,91,0
5753,2277,12,4,40,0
5754,2278,4,3,28,0
5755,2279,13,2,63,0
5756,2279,13,3,63,0.05
5757,2279,8,1,34,0.1
5758,2279,4,3,28,0.05
5759,2280,7,2,85,0
5760,2280,12,2,40,0
5761,2280,11,1,91,0
5762,2280,7,1,85,0
5763,2281,2,3,62,0.1
5764,2281,2,3,62,0.2
5765,2282,15,4,97,0.1
5766,2282,5,3,51,0.05
5767,2282,11,2,91,0
5768,2283,5,2,51,0
5769,2283,9,2,57,0.05
5770,2283,4,5,28,0.05
5771,2283,12,3,40,0.1
5772,2284,8,1,34,0
5773,2285,15,4,97,0
5774,2285,11,1,91,0.05
5775,2285,10,5,74,0
5776,2286,9,3,57,0.1
5777,2286,2,2,62,0.05
5778,2287,12,3,40,0
5779,2287,5,2,51,0.1
5780,2288,16,4,46,0.05
5781,2288,6,3,68,0.05
5782,2288,4,2,28,0
5783,2288,5,3,51,0
5784,2289,16,1,46,0.2
5785,2290,14,4,80,0.05
5786,2290,4,4,28,0.1
5787,2290,11,4,91,0.1
5788,2291,15,4,97,0.1
5789,2291,1,4,45,0.05
5790,2292,16,2,46,0.1
5791,2292,7,1,85,0.05
5792,2293,9,1,57,0.1
5793,2293,2,1,62,0.05
5794,2294,10,3,74,0.05
5795,2294,11,3,91,0.1
5796,2295,7,3,85,0.1
5797,2295,14,4,80,0
5798,2296,1,5,45,0.1
5799,2297,16,1,46,0.05
5800,2298,3,5,79,0.15
5801,2298,13,1,63,0.1
5802,2299,1,1,45,0.2
5803,2299,7,5,85,0.1
5804,2299,7,2,85,0.15
5805,2300,8,2,34,0.1
5806,2300,2,2,62,0
5807,2301,6,1,68,0
5808,2301,10,4,74,0
5809,2301,14,4,80,0.1
5810,2301,9,2,57,0
5811,2302,6,3,68,0
5812,2303,9,2,57,0.2
5813,2303,1,3,45,0.15
5814,2303,6,4,68,0.25
5815,2303,11,5,91,0.25
5816,2304,10,4,74,0.1
5817,2304,10,3,74,0.1
5818,2305,8,1,34,0.05
5819,2305,14,4,80,0.05
5820,2305,7,5,85,0.05
5821,2306,9,5,57,0.1
5822,2306,3,1,79,0
5823,2306,5,2,51,0
5824,2306,16,2,46,0
5825,2307,16,5,46,0.05
5826,2307,13,1,63,0
5827,2308,16,5,46,0.1
5828,2308,11,3,91,0.2
5829,2308,15,4,97,0.25
5830,2309,3,2,79,0.1
5831,2309,16,4,46,0.05
5832,2309,9,2,57,0.1
5833,2310,14,1,80,0.05
5834,2310,12,2,40,0.05
5835,2310,6,1,68,0
5836,2311,15,3,97,0.1
5837,2311,12,2,40,0
5838,2311,3,5,79,0
5839,2311,12,1,40,0.05
5840,2312,11,1,91,0
5841,2312,7,2,85,0
5842,2312,16,4,46,0.1
5843,2313,2,3,62,0
5844,2313,4,1,28,0.1
5845,2313,3,4,79,0
5846,2313,5,2,51,0
5847,2314,14,3,80,0
5848,2314,5,4,51,0
5849,2314,12,5,40,0.1
5850,2315,2,3,62,0
5851,2315,16,3,46,0
5852,2316,5,1,51,0.25
5853,2316,7,4,85,0.2
5854,2317,10,2,74,0
5855,2318,6,4,68,0.25
5856,2319,13,1,63,0.1
5857,2319,11,5,91,0
5858,2320,11,3,91,0
5859,2320,5,1,51,0
5860,2320,16,1,46,0
5861,2321,12,4,40,0.1
5862,2322,6,1,68,0.25
5863,2323,12,2,40,0
5864,2323,8,1,34,0.05
5865,2324,3,4,79,0.05
5866,2324,2,4,62,0.05
5867,2324,4,5,28,0
5868,2325,11,1,91,0
5869,2325,3,3,79,0.05
5870,2325,2,3,62,0
5871,2326,12,2,40,0
5872,2326,7,2,85,0
5873,2326,12,3,40,0
5874,2326,2,1,62,0.05
5875,2327,2,2,62,0
5876,2327,1,3,45,0.1
5877,2327,6,3,68,0
5878,2327,8,2,34,0.1
5879,2328,15,4,97,0.1
5880,2329,8,5,34,0
5881,2329,12,3,40,0
5882,2329,7,2,85,0
5883,2329,7,4,85,0.05
5884,2330,10,1,74,0.1
5885,2330,10,3,74,0
5886,2330,11,5,91,0
5887,2331,13,3,63,0
5888,2331,13,2,63,0
5889,2331,11,4,91,0
5890,2331,6,4,68,0
5891,2332,13,1,63,0
5892,2332,1,1,45,0
5893,2333,3,5,79,0.05
5894,2334,15,1,97,0
5895,2335,6,5,68,0
5896,2335,15,4,97,0.1
5897,2335,2,1,62,0.05
5898,2335,15,2,97,0.1
5899,2336,14,5,80,0.1
5900,2336,1,4,45,0.1
5901,2336,11,5,91,0.05
5902,2337,5,1,51,0.05
5903,2337,4,2,28,0.05
5904,2338,12,1,40,0.25
5905,2338,14,4,80,0.25
5906,2339,5,1,51,0.1
5907,2340,16,4,46,0
5908,2340,11,5,91,0.05
5909,2340,8,3,34,0.1
5910,2341,12,2,40,0.1
5911,2341,2,4,62,0.25
5912,2342,4,5,28,0
5913,2342,7,2,85,0.05
5914,2342,2,2,62,0
5915,2342,16,5,46,0
5916,2343,12,2,40,0.2
5917,2343,6,4,68,0.1
5918,2343,9,5,57,0.2
5919,2343,4,1,28,0.15
5920,2344,4,4,28,0
5921,2344,6,2,68,0
5922,2344,3,4,79,0.1
5923,2345,9,4,57,0.05
5924,2345,2,3,62,0.05
5925,2346,15,3,97,0.1
5926,2347,7,3,85,0
5927,2347,3,1,79,0.05
5928,2347,2,5,62,0
5929,2348,2,2,62,0.2
5930,2348,12,4,40,0.2
5931,2348,4,4,28,0.25
5932,2349,9,2,57,0.05
5933,2349,4,1,28,0
5934,2349,16,3,46,0
5935,2349,5,1,51,0
5936,2350,4,2,28,0
5937,2350,8,3,34,0.1
5938,2350,11,2,91,0.05
5939,2350,3,1,79,0
5940,2351,10,4,74,0.25
5941,2351,6,4,68,0.2
5942,2352,14,2,80,0
5943,2352,4,2,28,0.05
5944,2352,13,5,63,0
5945,2353,16,1,46,0.1
5946,2354,13,1,63,0.05
5947,2354,9,4,57,0
5948,2354,2,4,62,0
5949,2354,8,5,34,0
5950,2355,11,2,91,0
5951,2355,3,2,79,0
5952,2356,16,3,46,0.1
5953,2357,14,3,80,0
5954,2357,11,3,91,0
5955,2357,7,4,85,0.1
5956,2358,3,3,79,0.1
5957,2358,11,5,91,0
5958,2358,4,3,28,0.1
5959,2359,10,5,74,0
5960,2359,4,1,28,0.05
5961,2360,4,3,28,0
5962,2360,7,5,85,0.05
5963,2360,13,5,63,0
5964,2361,11,2,91,0
5965,2361,6,1,68,0
5966,2361,2,2,62,0
5967,2361,10,3,74,0.1
5968,2362,3,5,79,0.25
5969,2362,4,2,28,0.25
5970,2362,11,5,91,0.25
5971,2363,11,2,91,0
5972,2364,7,1,85,0.05
5973,2365,6,2,68,0.05
5974,2365,9,1,57,0
5975,2365,13,4,63,0
5976,2365,6,1,68,0
5977,2366,15,1,97,0.1
5978,2366,1,3,45,0
5979,2366,7,5,85,0.1
5980,2366,14,4,80,0.1
5981,2367,3,1,79,0.2
5982,2367,10,1,74,0.15
5983,2368,3,1,79,0.1
5984,2368,5,3,51,0.1
5985,2368,5,3,51,0.05
5986,2369,7,5,85,0
5987,2369,14,2,80,0.05
5988,2369,8,5,34,0
5989,2369,6,5,68,0
5990,2370,15,5,97,0.1
5991,2370,16,1,46,0.05
5992,2371,3,5,79,0.05
5993,2371,3,1,79,0.1
5994,2372,11,2,91,0.05
5995,2372,2,3,62,0
5996,2373,1,5,45,0.05
5997,2373,13,2,63,0.05
5998,2373,14,4,80,0
5999,2374,12,1,40,0.05
6000,2374,12,3,40,0
6001,2374,12,5,40,0.05
6002,2375,2,3,62,0
6003,2375,4,5,28,0.1
6004,2376,1,5,45,0.1
6005,2377,14,2,80,0.1
6006,2377,1,3,45,0
6007,2378,5,2,51,0.15
6008,2378,16,5,46,0.1
6009,2379,7,5,85,0
6010,2379,3,4,79,0
6011,2380,15,3,97,0
6012,2380,4,1,28,0
6013,2380,11,5,91,0.1
6014,2381,3,1,79,0.15
6015,2381,4,1,28,0.15
6016,2382,9,1,57,0
6017,2382,4,5,28,0
6018,2382,14,3,80,0.05
6019,2383,3,5,79,0
6020,2383,9,1,57,0
6021,2384,3,4,79,0.1
6022,2384,7,2,85,0
6023,2384,16,1,46,0
6024,2384,1,3,45,0
6025,2385,10,3,74,0.1
6026,2385,1,3,45,0.1
6027,2386,8,3,34,0.05
6028,2387,2,4,62,0.15
6029,2387,12,4,40,0.15
6030,2388,16,5,46,0.25
6031,2389,7,5,85,0.25
6032,2390,8,5,34,0.1
6033,2391,8,1,34,0.05
6034,2391,9,3,57,0.05
6035,2391,14,5,80,0
6036,2391,15,2,97,0.05
6037,2392,10,1,74,0
6038,2392,4,3,28,0.1
6039,2392,11,5,91,0
6040,2392,4,5,28,0.05
6041,2393,12,3,40,0.15
6042,2394,9,1,57,0.1
6043,2394,11,4,91,0.1
6044,2394,3,3,79,0
6045,2395,12,3,40,0.05
6046,2395,11,3,91,0.05
6047,2395,2,4,62,0.1
6048,2396,4,1,28,0
6049,2396,5,1,51,0.05
6050,2397,13,1,63,0.1
6051,2397,16,5,46,0
6052,2397,9,1,57,0
6053,2398,16,1,46,0.1
6054,2398,9,2,57,0.1
6055,2398,2,3,62,0.1
6056,2398,4,1,28,0
6057,2399,8,2,34,0.25
6058,2399,10,3,74,0.1
6059,2400,14,5,80,0.1
6060,2400,9,5,57,0
6061,2400,2,3,62,0
6062,2400,4,4,28,0.1
6063,2401,10,4,74,0
6064,2401,4,1,28,0
6065,2402,5,2,51,0.2
6066,2402,13,3,63,0.1
6067,2403,2,1,62,0
6068,2403,15,3,97,0
6069,2403,5,3,51,0.1
6070,2403,16,3,46,0
6071,2404,11,1,91,0
6072,2404,3,3,79,0.05
6073,2405,5,1,51,0.1
6074,2406,2,1,62,0.15
6075,2406,10,3,74,0.25
6076,2407,7,5,85,0.15
6077,2407,14,1,80,0.25
6078,2407,11,5,91,0.2
6079,2408,9,3,57,0.15
6080,2409,5,5,51,0.05
6081,2409,4,3,28,0.05
6082,2409,6,2,68,0
6083,2409,12,5,40,0
6084,2410,6,5,68,0
6085,2410,16,3,46,0
6086,2410,3,5,79,0.1
6087,2411,5,3,51,0
6088,2411,16,4,46,0.1
6089,2411,10,3,74,0.1
6090,2412,10,1,74,0
6091,2412,13,5,63,0
6092,2412,14,2,80,0.1
6093,2412,12,2,40,0.1
6094,2413,10,4,74,0
6095,2413,5,1,51,0
6096,2413,9,1,57,0.1
6097,2414,7,5,85,0.1
6098,2414,14,1,80,0
6099,2414,9,4,57,0
6100,2415,4,4,28,0.05
6101,2415,13,1,63,0
6102,2415,2,2,62,0.05
6103,2416,12,2,40,0
6104,2416,16,5,46,0.05
6105,2416,9,3,57,0.05
6106,2416,12,5,40,0.05
6107,2417,4,4,28,0.05
6108,2417,5,4,51,0
6109,2418,1,2,45,0
6110,2418,7,4,85,0
6111,2418,4,4,28,0.1
6112,2419,2,3,62,0.1
6113,2419,12,1,40,0
6114,2419,13,2,63,0
6115,2420,5,5,51,0
6116,2420,10,3,74,0.05
6117,2421,16,4,46,0.05
6118,2421,7,3,85,0.05
6119,2421,8,4,34,0
6120,2421,5,4,51,0
6121,2422,4,1,28,0
6122,2422,1,4,45,0.1
6123,2422,3,3,79,0
6124,2423,13,3,63,0
6125,2423,3,3,79,0.05
6126,2423,4,1,28,0.05
6127,2423,7,1,85,0.1
6128,2424,8,4,34,0.1
6129,2424,8,1,34,0
6130,2425,10,5,74,0.05
6131,2426,5,4,51,0
6132,2427,3,2,79,0
6133,2427,9,3,57,0
6134,2427,11,5,91,0.1
6135,2427,5,2,51,0
6136,2428,12,1,40,0.1
6137,2428,1,2,45,0
6138,2428,2,4,62,0
6139,2428,10,1,74,0.1
6140,2429,4,2,28,0
6141,2429,14,4,80,0.05
6142,2429,16,3,46,0.05
6143,2430,4,3,28,0.05
6144,2430,15,2,97,0
6145,2430,10,4,74,0
